CuisineID,CuisineName
CUIS00001,Mexican
CUIS00002,Japanese
CUIS00003,Mexican
CUIS00004,French
CUIS00005,American
CUIS00006,Italian
CUIS00007,Thai
CUIS00008,American
CUIS00009,Mexican
CUIS00010,American
CUIS00011,Thai
CUIS00012,Italian
CUIS00013,Thai
CUIS00014,Italian
CUIS00015,French
CUIS00016,Mexican
CUIS00017,Mexican
CUIS00018,Mediterranean
CUIS00019,Spanish
CUIS00020,French
CUIS00021,Chinese
CUIS00022,Japanese
CUIS00023,Spanish
CUIS00024,Italian
CUIS00025,French
CUIS00026,Indian
CUIS00027,American
CUIS00028,Mediterranean
CUIS00029,Mexican
CUIS00030,Japanese
CUIS00031,Indian
CUIS00032,Japanese
CUIS00033,Mexican
CUIS00034,Mexican
CUIS00035,Thai
CUIS00036,Spanish
CUIS00037,Italian
CUIS00038,Japanese
CUIS00039,Indian
CUIS00040,Indian
CUIS00041,Chinese
CUIS00042,Spanish
CUIS00043,Spanish
CUIS00044,Indian
CUIS00045,Mediterranean
CUIS00046,Italian
CUIS00047,Spanish
CUIS00048,American
CUIS00049,Mediterranean
CUIS00050,Italian
CUIS00051,Spanish
CUIS00052,Thai
CUIS00053,Mediterranean
CUIS00054,American
CUIS00055,Mexican
CUIS00056,Mediterranean
CUIS00057,Japanese
CUIS00058,Mexican
CUIS00059,American
CUIS00060,Thai
CUIS00061,Spanish
CUIS00062,Spanish
CUIS00063,Chinese
CUIS00064,Italian
CUIS00065,Japanese
CUIS00066,French
CUIS00067,American
CUIS00068,Japanese
CUIS00069,Indian
CUIS00070,Indian
CUIS00071,French
CUIS00072,Chinese
CUIS00073,Spanish
CUIS00074,Japanese
CUIS00075,Chinese
CUIS00076,Italian
CUIS00077,Japanese
CUIS00078,Thai
CUIS00079,American
CUIS00080,Chinese
CUIS00081,Indian
CUIS00082,Thai
CUIS00083,Italian
CUIS00084,Italian
CUIS00085,French
CUIS00086,Mediterranean
CUIS00087,French
CUIS00088,Mexican
CUIS00089,Mexican
CUIS00090,Indian
CUIS00091,Japanese
CUIS00092,French
CUIS00093,Thai
CUIS00094,American
CUIS00095,Japanese
CUIS00096,American
CUIS00097,Spanish
CUIS00098,Italian
CUIS00099,Mexican
CUIS00100,Indian
CUIS00101,Spanish
CUIS00102,Thai
CUIS00103,French
CUIS00104,Thai
CUIS00105,Indian
CUIS00106,Indian
CUIS00107,Spanish
CUIS00108,Thai
CUIS00109,Mediterranean
CUIS00110,Mediterranean
CUIS00111,Italian
CUIS00112,Italian
CUIS00113,Mexican
CUIS00114,Thai
CUIS00115,Thai
CUIS00116,French
CUIS00117,Italian
CUIS00118,American
CUIS00119,Italian
CUIS00120,Spanish
CUIS00121,Japanese
CUIS00122,Mediterranean
CUIS00123,Italian
CUIS00124,Japanese
CUIS00125,Spanish
CUIS00126,Chinese
CUIS00127,Thai
CUIS00128,Japanese
CUIS00129,Chinese
CUIS00130,American
CUIS00131,Thai
CUIS00132,Indian
CUIS00133,Spanish
CUIS00134,Spanish
CUIS00135,Mexican
CUIS00136,French
CUIS00137,Spanish
CUIS00138,Mediterranean
CUIS00139,Japanese
CUIS00140,Indian
CUIS00141,Thai
CUIS00142,Indian
CUIS00143,Chinese
CUIS00144,Italian
CUIS00145,Indian
CUIS00146,Thai
CUIS00147,Mediterranean
CUIS00148,Japanese
CUIS00149,Italian
CUIS00150,American
CUIS00151,Italian
CUIS00152,French
CUIS00153,Thai
CUIS00154,Spanish
CUIS00155,Thai
CUIS00156,Spanish
CUIS00157,Spanish
CUIS00158,Mediterranean
CUIS00159,French
CUIS00160,Mediterranean
CUIS00161,Mediterranean
CUIS00162,Italian
CUIS00163,American
CUIS00164,Mediterranean
CUIS00165,Mexican
CUIS00166,French
CUIS00167,Spanish
CUIS00168,Japanese
CUIS00169,French
CUIS00170,Spanish
CUIS00171,American
CUIS00172,Mexican
CUIS00173,Thai
CUIS00174,Japanese
CUIS00175,Indian
CUIS00176,Spanish
CUIS00177,Spanish
CUIS00178,Mexican
CUIS00179,Spanish
CUIS00180,Chinese
CUIS00181,Italian
CUIS00182,Chinese
CUIS00183,Mexican
CUIS00184,Indian
CUIS00185,Japanese
CUIS00186,Chinese
CUIS00187,Thai
CUIS00188,Chinese
CUIS00189,Chinese
CUIS00190,French
CUIS00191,French
CUIS00192,American
CUIS00193,Chinese
CUIS00194,Mexican
CUIS00195,Chinese
CUIS00196,Spanish
CUIS00197,Mexican
CUIS00198,Japanese
CUIS00199,Spanish
CUIS00200,Mexican
CUIS00201,Spanish
CUIS00202,Indian
CUIS00203,Japanese
CUIS00204,French
CUIS00205,Thai
CUIS00206,Indian
CUIS00207,Spanish
CUIS00208,Japanese
CUIS00209,Mexican
CUIS00210,Chinese
CUIS00211,Mediterranean
CUIS00212,Spanish
CUIS00213,Japanese
CUIS00214,Indian
CUIS00215,Indian
CUIS00216,Chinese
CUIS00217,Japanese
CUIS00218,American
CUIS00219,Chinese
CUIS00220,Indian
CUIS00221,French
CUIS00222,Spanish
CUIS00223,Spanish
CUIS00224,Chinese
CUIS00225,Mexican
CUIS00226,American
CUIS00227,Spanish
CUIS00228,Mexican
CUIS00229,American
CUIS00230,Thai
CUIS00231,American
CUIS00232,American
CUIS00233,Thai
CUIS00234,Thai
CUIS00235,Spanish
CUIS00236,Mediterranean
CUIS00237,French
CUIS00238,Chinese
CUIS00239,Mediterranean
CUIS00240,Chinese
CUIS00241,French
CUIS00242,Thai
CUIS00243,Mexican
CUIS00244,Spanish
CUIS00245,Mexican
CUIS00246,Thai
CUIS00247,Indian
CUIS00248,Spanish
CUIS00249,Japanese
CUIS00250,American
CUIS00251,Chinese
CUIS00252,Spanish
CUIS00253,French
CUIS00254,Indian
CUIS00255,Chinese
CUIS00256,American
CUIS00257,French
CUIS00258,Spanish
CUIS00259,Indian
CUIS00260,Italian
CUIS00261,Indian
CUIS00262,Spanish
CUIS00263,Mexican
CUIS00264,Japanese
CUIS00265,Indian
CUIS00266,Japanese
CUIS00267,American
CUIS00268,Mexican
CUIS00269,Indian
CUIS00270,Thai
CUIS00271,Spanish
CUIS00272,Indian
CUIS00273,Chinese
CUIS00274,Chinese
CUIS00275,Thai
CUIS00276,Thai
CUIS00277,Italian
CUIS00278,French
CUIS00279,Mediterranean
CUIS00280,Thai
CUIS00281,Mexican
CUIS00282,Spanish
CUIS00283,Italian
CUIS00284,French
CUIS00285,French
CUIS00286,Chinese
CUIS00287,French
CUIS00288,Indian
CUIS00289,Spanish
CUIS00290,Thai
CUIS00291,American
CUIS00292,Mediterranean
CUIS00293,American
CUIS00294,French
CUIS00295,Mexican
CUIS00296,Japanese
CUIS00297,American
CUIS00298,Mediterranean
CUIS00299,Mexican
CUIS00300,Mediterranean
CUIS00301,French
CUIS00302,Mexican
CUIS00303,Chinese
CUIS00304,French
CUIS00305,Chinese
CUIS00306,Mexican
CUIS00307,Italian
CUIS00308,Chinese
CUIS00309,Japanese
CUIS00310,Spanish
CUIS00311,Thai
CUIS00312,Japanese
CUIS00313,French
CUIS00314,French
CUIS00315,Mediterranean
CUIS00316,Mexican
CUIS00317,Indian
CUIS00318,American
CUIS00319,Chinese
CUIS00320,Spanish
CUIS00321,Chinese
CUIS00322,Mediterranean
CUIS00323,Italian
CUIS00324,Mediterranean
CUIS00325,American
CUIS00326,Mexican
CUIS00327,Italian
CUIS00328,American
CUIS00329,French
CUIS00330,Thai
CUIS00331,American
CUIS00332,Indian
CUIS00333,Japanese
CUIS00334,Thai
CUIS00335,Mediterranean
CUIS00336,Mediterranean
CUIS00337,Mediterranean
CUIS00338,Indian
CUIS00339,French
CUIS00340,French
CUIS00341,Mexican
CUIS00342,Chinese
CUIS00343,Indian
CUIS00344,Chinese
CUIS00345,Thai
CUIS00346,Spanish
CUIS00347,Italian
CUIS00348,Thai
CUIS00349,Chinese
CUIS00350,Indian
CUIS00351,Japanese
CUIS00352,Mexican
CUIS00353,American
CUIS00354,Spanish
CUIS00355,Chinese
CUIS00356,Japanese
CUIS00357,Mexican
CUIS00358,American
CUIS00359,American
CUIS00360,Japanese
CUIS00361,American
CUIS00362,Spanish
CUIS00363,Thai
CUIS00364,Mediterranean
CUIS00365,Chinese
CUIS00366,Chinese
CUIS00367,Thai
CUIS00368,Japanese
CUIS00369,Spanish
CUIS00370,Thai
CUIS00371,Mediterranean
CUIS00372,Italian
CUIS00373,Spanish
CUIS00374,American
CUIS00375,Thai
CUIS00376,Thai
CUIS00377,Italian
CUIS00378,Italian
CUIS00379,American
CUIS00380,Italian
CUIS00381,Thai
CUIS00382,American
CUIS00383,Spanish
CUIS00384,Mediterranean
CUIS00385,Mediterranean
CUIS00386,American
CUIS00387,Indian
CUIS00388,Japanese
CUIS00389,French
CUIS00390,Thai
CUIS00391,Thai
CUIS00392,French
CUIS00393,Italian
CUIS00394,French
CUIS00395,American
CUIS00396,Italian
CUIS00397,Thai
CUIS00398,Mediterranean
CUIS00399,Japanese
CUIS00400,French
CUIS00401,Mediterranean
CUIS00402,Indian
CUIS00403,Chinese
CUIS00404,American
CUIS00405,American
CUIS00406,Japanese
CUIS00407,Japanese
CUIS00408,Mediterranean
CUIS00409,Thai
CUIS00410,Chinese
CUIS00411,French
CUIS00412,Indian
CUIS00413,Mexican
CUIS00414,Thai
CUIS00415,Japanese
CUIS00416,Japanese
CUIS00417,Indian
CUIS00418,Indian
CUIS00419,Mediterranean
CUIS00420,Indian
CUIS00421,Mediterranean
CUIS00422,French
CUIS00423,Indian
CUIS00424,Thai
CUIS00425,Indian
CUIS00426,Thai
CUIS00427,Mexican
CUIS00428,Japanese
CUIS00429,French
CUIS00430,Japanese
CUIS00431,Mediterranean
CUIS00432,Indian
CUIS00433,Chinese
CUIS00434,Indian
CUIS00435,Mediterranean
CUIS00436,Mexican
CUIS00437,Japanese
CUIS00438,Mexican
CUIS00439,Indian
CUIS00440,Spanish
CUIS00441,Mexican
CUIS00442,Thai
CUIS00443,Mexican
CUIS00444,Italian
CUIS00445,Mediterranean
CUIS00446,Mexican
CUIS00447,Italian
CUIS00448,Italian
CUIS00449,Mediterranean
CUIS00450,Mediterranean
CUIS00451,Mediterranean
CUIS00452,Indian
CUIS00453,Mediterranean
CUIS00454,Japanese
CUIS00455,French
CUIS00456,Spanish
CUIS00457,Mexican
CUIS00458,American
CUIS00459,Mediterranean
CUIS00460,Japanese
CUIS00461,Chinese
CUIS00462,Spanish
CUIS00463,Mexican
CUIS00464,Italian
CUIS00465,Japanese
CUIS00466,Italian
CUIS00467,American
CUIS00468,Mexican
CUIS00469,Thai
CUIS00470,Mexican
CUIS00471,American
CUIS00472,Indian
CUIS00473,Spanish
CUIS00474,Spanish
CUIS00475,American
CUIS00476,French
CUIS00477,Japanese
CUIS00478,American
CUIS00479,French
CUIS00480,Chinese
CUIS00481,American
CUIS00482,Spanish
CUIS00483,Chinese
CUIS00484,Chinese
CUIS00485,Italian
CUIS00486,American
CUIS00487,Thai
CUIS00488,Mediterranean
CUIS00489,Thai
CUIS00490,Chinese
CUIS00491,Chinese
CUIS00492,Japanese
CUIS00493,Indian
CUIS00494,Thai
CUIS00495,Indian
CUIS00496,Japanese
CUIS00497,Indian
CUIS00498,Italian
CUIS00499,American
CUIS00500,Indian
CUIS00501,Mexican
CUIS00502,Chinese
CUIS00503,Spanish
CUIS00504,American
CUIS00505,Mexican
CUIS00506,Spanish
CUIS00507,American
CUIS00508,Thai
CUIS00509,American
CUIS00510,Chinese
CUIS00511,Mediterranean
CUIS00512,French
CUIS00513,French
CUIS00514,Indian
CUIS00515,Spanish
CUIS00516,Thai
CUIS00517,American
CUIS00518,Italian
CUIS00519,Chinese
CUIS00520,American
CUIS00521,Mediterranean
CUIS00522,American
CUIS00523,Thai
CUIS00524,Chinese
CUIS00525,Indian
CUIS00526,Thai
CUIS00527,Spanish
CUIS00528,Thai
CUIS00529,Mediterranean
CUIS00530,Mexican
CUIS00531,Chinese
CUIS00532,Thai
CUIS00533,Thai
CUIS00534,Chinese
CUIS00535,Italian
CUIS00536,Indian
CUIS00537,Mediterranean
CUIS00538,Japanese
CUIS00539,French
CUIS00540,Japanese
CUIS00541,French
CUIS00542,Chinese
CUIS00543,American
CUIS00544,Mediterranean
CUIS00545,Thai
CUIS00546,Indian
CUIS00547,Spanish
CUIS00548,Indian
CUIS00549,Chinese
CUIS00550,Japanese
CUIS00551,Indian
CUIS00552,Mediterranean
CUIS00553,Thai
CUIS00554,Thai
CUIS00555,Chinese
CUIS00556,Spanish
CUIS00557,Indian
CUIS00558,Japanese
CUIS00559,Mediterranean
CUIS00560,Japanese
CUIS00561,Spanish
CUIS00562,Mediterranean
CUIS00563,Spanish
CUIS00564,Mediterranean
CUIS00565,Italian
CUIS00566,Italian
CUIS00567,French
CUIS00568,Chinese
CUIS00569,Mexican
CUIS00570,Chinese
CUIS00571,Thai
CUIS00572,Spanish
CUIS00573,Japanese
CUIS00574,Italian
CUIS00575,Italian
CUIS00576,Italian
CUIS00577,Mediterranean
CUIS00578,Thai
CUIS00579,Spanish
CUIS00580,Spanish
CUIS00581,Indian
CUIS00582,Japanese
CUIS00583,Indian
CUIS00584,Thai
CUIS00585,American
CUIS00586,American
CUIS00587,Mexican
CUIS00588,Indian
CUIS00589,Mediterranean
CUIS00590,Spanish
CUIS00591,French
CUIS00592,Chinese
CUIS00593,Spanish
CUIS00594,Mexican
CUIS00595,Spanish
CUIS00596,French
CUIS00597,Spanish
CUIS00598,Spanish
CUIS00599,Indian
CUIS00600,Thai
CUIS00601,French
CUIS00602,Mediterranean
CUIS00603,American
CUIS00604,Mediterranean
CUIS00605,Italian
CUIS00606,Indian
CUIS00607,French
CUIS00608,Italian
CUIS00609,Mediterranean
CUIS00610,Thai
CUIS00611,Thai
CUIS00612,Japanese
CUIS00613,Mediterranean
CUIS00614,Mediterranean
CUIS00615,Italian
CUIS00616,Chinese
CUIS00617,American
CUIS00618,Thai
CUIS00619,American
CUIS00620,Chinese
CUIS00621,American
CUIS00622,Mexican
CUIS00623,Mexican
CUIS00624,Chinese
CUIS00625,Mexican
CUIS00626,Japanese
CUIS00627,Indian
CUIS00628,Indian
CUIS00629,French
CUIS00630,French
CUIS00631,Spanish
CUIS00632,Italian
CUIS00633,Mexican
CUIS00634,Spanish
CUIS00635,Mediterranean
CUIS00636,Chinese
CUIS00637,American
CUIS00638,French
CUIS00639,Mediterranean
CUIS00640,Indian
CUIS00641,Thai
CUIS00642,Mediterranean
CUIS00643,Thai
CUIS00644,French
CUIS00645,Spanish
CUIS00646,Chinese
CUIS00647,Thai
CUIS00648,French
CUIS00649,Mexican
CUIS00650,Chinese
CUIS00651,Mediterranean
CUIS00652,Mexican
CUIS00653,American
CUIS00654,Japanese
CUIS00655,Mexican
CUIS00656,Chinese
CUIS00657,Mexican
CUIS00658,Spanish
CUIS00659,French
CUIS00660,Chinese
CUIS00661,Italian
CUIS00662,Thai
CUIS00663,American
CUIS00664,American
CUIS00665,Chinese
CUIS00666,Mediterranean
CUIS00667,Spanish
CUIS00668,Spanish
CUIS00669,Thai
CUIS00670,Indian
CUIS00671,Mexican
CUIS00672,Spanish
CUIS00673,Spanish
CUIS00674,Mexican
CUIS00675,Spanish
CUIS00676,Japanese
CUIS00677,Indian
CUIS00678,Chinese
CUIS00679,Mexican
CUIS00680,Italian
CUIS00681,Spanish
CUIS00682,American
CUIS00683,Mediterranean
CUIS00684,Thai
CUIS00685,Indian
CUIS00686,Chinese
CUIS00687,Mediterranean
CUIS00688,Japanese
CUIS00689,Japanese
CUIS00690,French
CUIS00691,Mediterranean
CUIS00692,Mediterranean
CUIS00693,Thai
CUIS00694,Mexican
CUIS00695,American
CUIS00696,Indian
CUIS00697,Mediterranean
CUIS00698,Chinese
CUIS00699,Mexican
CUIS00700,Mediterranean
CUIS00701,Thai
CUIS00702,Mexican
CUIS00703,Chinese
CUIS00704,Thai
CUIS00705,French
CUIS00706,Spanish
CUIS00707,Italian
CUIS00708,Chinese
CUIS00709,Japanese
CUIS00710,Thai
CUIS00711,Spanish
CUIS00712,Chinese
CUIS00713,Thai
CUIS00714,Mexican
CUIS00715,Italian
CUIS00716,American
CUIS00717,French
CUIS00718,Thai
CUIS00719,Japanese
CUIS00720,Chinese
CUIS00721,Italian
CUIS00722,Spanish
CUIS00723,Thai
CUIS00724,Indian
CUIS00725,Mexican
CUIS00726,Mediterranean
CUIS00727,Spanish
CUIS00728,Mexican
CUIS00729,Mediterranean
CUIS00730,Chinese
CUIS00731,American
CUIS00732,Italian
CUIS00733,Spanish
CUIS00734,Spanish
CUIS00735,Chinese
CUIS00736,Italian
CUIS00737,Mexican
CUIS00738,Spanish
CUIS00739,Italian
CUIS00740,American
CUIS00741,Spanish
CUIS00742,Japanese
CUIS00743,Mexican
CUIS00744,French
CUIS00745,Indian
CUIS00746,Spanish
CUIS00747,Mexican
CUIS00748,American
CUIS00749,Thai
CUIS00750,Indian
CUIS00751,Italian
CUIS00752,Italian
CUIS00753,Spanish
CUIS00754,Mediterranean
CUIS00755,Italian
CUIS00756,Chinese
CUIS00757,Indian
CUIS00758,Mediterranean
CUIS00759,Japanese
CUIS00760,Thai
CUIS00761,Mediterranean
CUIS00762,Spanish
CUIS00763,Mexican
CUIS00764,Spanish
CUIS00765,Spanish
CUIS00766,Thai
CUIS00767,Japanese
CUIS00768,American
CUIS00769,French
CUIS00770,Thai
CUIS00771,Mediterranean
CUIS00772,American
CUIS00773,Mexican
CUIS00774,French
CUIS00775,Spanish
CUIS00776,Mexican
CUIS00777,Japanese
CUIS00778,Mexican
CUIS00779,Mediterranean
CUIS00780,Mexican
CUIS00781,Indian
CUIS00782,Thai
CUIS00783,Japanese
CUIS00784,French
CUIS00785,French
CUIS00786,Thai
CUIS00787,Mexican
CUIS00788,Chinese
CUIS00789,French
CUIS00790,Italian
CUIS00791,French
CUIS00792,Indian
CUIS00793,Chinese
CUIS00794,Italian
CUIS00795,Thai
CUIS00796,Japanese
CUIS00797,Mediterranean
CUIS00798,Chinese
CUIS00799,Mediterranean
CUIS00800,Chinese
CUIS00801,Chinese
CUIS00802,Italian
CUIS00803,Chinese
CUIS00804,Japanese
CUIS00805,Chinese
CUIS00806,Thai
CUIS00807,Italian
CUIS00808,Indian
CUIS00809,Italian
CUIS00810,French
CUIS00811,American
CUIS00812,Spanish
CUIS00813,Spanish
CUIS00814,French
CUIS00815,Indian
CUIS00816,American
CUIS00817,Thai
CUIS00818,Spanish
CUIS00819,Italian
CUIS00820,Italian
CUIS00821,French
CUIS00822,Japanese
CUIS00823,French
CUIS00824,French
CUIS00825,Mediterranean
CUIS00826,Mediterranean
CUIS00827,Mediterranean
CUIS00828,French
CUIS00829,French
CUIS00830,Japanese
CUIS00831,Mexican
CUIS00832,Chinese
CUIS00833,Chinese
CUIS00834,Spanish
CUIS00835,Japanese
CUIS00836,Chinese
CUIS00837,Indian
CUIS00838,Japanese
CUIS00839,Japanese
CUIS00840,Chinese
CUIS00841,American
CUIS00842,Chinese
CUIS00843,Indian
CUIS00844,Spanish
CUIS00845,Mediterranean
CUIS00846,Japanese
CUIS00847,Chinese
CUIS00848,French
CUIS00849,Mexican
CUIS00850,Chinese
CUIS00851,Thai
CUIS00852,Japanese
CUIS00853,French
CUIS00854,Mediterranean
CUIS00855,Chinese
CUIS00856,Japanese
CUIS00857,Mediterranean
CUIS00858,Mediterranean
CUIS00859,Spanish
CUIS00860,French
CUIS00861,Spanish
CUIS00862,Mediterranean
CUIS00863,Spanish
CUIS00864,Indian
CUIS00865,Chinese
CUIS00866,Mexican
CUIS00867,American
CUIS00868,Mexican
CUIS00869,Indian
CUIS00870,American
CUIS00871,American
CUIS00872,Thai
CUIS00873,Thai
CUIS00874,French
CUIS00875,French
CUIS00876,Mediterranean
CUIS00877,Thai
CUIS00878,Italian
CUIS00879,Chinese
CUIS00880,Mexican
CUIS00881,French
CUIS00882,Spanish
CUIS00883,Mediterranean
CUIS00884,Indian
CUIS00885,Mediterranean
CUIS00886,Italian
CUIS00887,American
CUIS00888,Thai
CUIS00889,Thai
CUIS00890,Thai
CUIS00891,Italian
CUIS00892,Japanese
CUIS00893,Indian
CUIS00894,Chinese
CUIS00895,Thai
CUIS00896,French
CUIS00897,Spanish
CUIS00898,Thai
CUIS00899,American
CUIS00900,Thai
CUIS00901,Indian
CUIS00902,Mexican
CUIS00903,French
CUIS00904,Japanese
CUIS00905,Spanish
CUIS00906,Spanish
CUIS00907,Indian
CUIS00908,French
CUIS00909,Spanish
CUIS00910,Italian
CUIS00911,Spanish
CUIS00912,Italian
CUIS00913,Indian
CUIS00914,Mediterranean
CUIS00915,Mediterranean
CUIS00916,Indian
CUIS00917,Thai
CUIS00918,Spanish
CUIS00919,Chinese
CUIS00920,Indian
CUIS00921,French
CUIS00922,Spanish
CUIS00923,Japanese
CUIS00924,Indian
CUIS00925,Indian
CUIS00926,Japanese
CUIS00927,Mediterranean
CUIS00928,Japanese
CUIS00929,Italian
CUIS00930,Mexican
CUIS00931,Mexican
CUIS00932,Italian
CUIS00933,Thai
CUIS00934,French
CUIS00935,Mexican
CUIS00936,American
CUIS00937,Mexican
CUIS00938,French
CUIS00939,Mediterranean
CUIS00940,Spanish
CUIS00941,Spanish
CUIS00942,Indian
CUIS00943,Mediterranean
CUIS00944,Japanese
CUIS00945,Thai
CUIS00946,Japanese
CUIS00947,Mediterranean
CUIS00948,Indian
CUIS00949,Chinese
CUIS00950,Mexican
CUIS00951,Chinese
CUIS00952,French
CUIS00953,Chinese
CUIS00954,French
CUIS00955,Italian
CUIS00956,Indian
CUIS00957,Thai
CUIS00958,Thai
CUIS00959,Thai
CUIS00960,American
CUIS00961,Thai
CUIS00962,Chinese
CUIS00963,Chinese
CUIS00964,Thai
CUIS00965,Italian
CUIS00966,French
CUIS00967,Mexican
CUIS00968,Japanese
CUIS00969,Chinese
CUIS00970,Mediterranean
CUIS00971,Thai
CUIS00972,Indian
CUIS00973,Thai
CUIS00974,Italian
CUIS00975,American
CUIS00976,Japanese
CUIS00977,Chinese
CUIS00978,French
CUIS00979,Indian
CUIS00980,Japanese
CUIS00981,Japanese
CUIS00982,French
CUIS00983,Japanese
CUIS00984,Indian
CUIS00985,Spanish
CUIS00986,Thai
CUIS00987,Spanish
CUIS00988,Indian
CUIS00989,Spanish
CUIS00990,Thai
CUIS00991,Mexican
CUIS00992,Mediterranean
CUIS00993,Mexican
CUIS00994,American
CUIS00995,Thai
CUIS00996,Mediterranean
CUIS00997,French
CUIS00998,Thai
CUIS00999,Spanish
CUIS01000,Indian
CUIS01001,Japanese
CUIS01002,Mediterranean
CUIS01003,Spanish
CUIS01004,Indian
CUIS01005,Italian
CUIS01006,Spanish
CUIS01007,Indian
CUIS01008,Mexican
CUIS01009,Thai
CUIS01010,Chinese
CUIS01011,Mexican
CUIS01012,Mediterranean
CUIS01013,Mexican
CUIS01014,Spanish
CUIS01015,Chinese
CUIS01016,American
CUIS01017,Thai
CUIS01018,Japanese
CUIS01019,American
CUIS01020,Mediterranean
CUIS01021,Indian
CUIS01022,Japanese
CUIS01023,Thai
CUIS01024,Spanish
CUIS01025,French
CUIS01026,Indian
CUIS01027,Indian
CUIS01028,Mediterranean
CUIS01029,Spanish
CUIS01030,Italian
CUIS01031,Indian
CUIS01032,French
CUIS01033,American
CUIS01034,French
CUIS01035,Spanish
CUIS01036,Spanish
CUIS01037,Indian
CUIS01038,Chinese
CUIS01039,Thai
CUIS01040,Spanish
CUIS01041,Indian
CUIS01042,Japanese
CUIS01043,Chinese
CUIS01044,French
CUIS01045,French
CUIS01046,Chinese
CUIS01047,Thai
CUIS01048,Mexican
CUIS01049,French
CUIS01050,American
CUIS01051,Italian
CUIS01052,Thai
CUIS01053,American
CUIS01054,French
CUIS01055,Spanish
CUIS01056,Chinese
CUIS01057,Mexican
CUIS01058,Mediterranean
CUIS01059,Spanish
CUIS01060,Japanese
CUIS01061,Thai
CUIS01062,Mexican
CUIS01063,Indian
CUIS01064,Mediterranean
CUIS01065,French
CUIS01066,Japanese
CUIS01067,Mexican
CUIS01068,French
CUIS01069,Mexican
CUIS01070,Japanese
CUIS01071,Mexican
CUIS01072,Mexican
CUIS01073,American
CUIS01074,Japanese
CUIS01075,Mediterranean
CUIS01076,American
CUIS01077,Thai
CUIS01078,Japanese
CUIS01079,Chinese
CUIS01080,Indian
CUIS01081,Spanish
CUIS01082,Spanish
CUIS01083,Italian
CUIS01084,American
CUIS01085,American
CUIS01086,Thai
CUIS01087,Thai
CUIS01088,Indian
CUIS01089,French
CUIS01090,French
CUIS01091,Spanish
CUIS01092,Thai
CUIS01093,Italian
CUIS01094,Chinese
CUIS01095,Japanese
CUIS01096,French
CUIS01097,Italian
CUIS01098,French
CUIS01099,Thai
CUIS01100,Chinese
CUIS01101,Chinese
CUIS01102,Mexican
CUIS01103,Chinese
CUIS01104,Chinese
CUIS01105,Indian
CUIS01106,Italian
CUIS01107,Japanese
CUIS01108,Indian
CUIS01109,French
CUIS01110,Italian
CUIS01111,American
CUIS01112,American
CUIS01113,Mexican
CUIS01114,Mediterranean
CUIS01115,Thai
CUIS01116,Chinese
CUIS01117,American
CUIS01118,Mexican
CUIS01119,French
CUIS01120,French
CUIS01121,Spanish
CUIS01122,Indian
CUIS01123,Mexican
CUIS01124,Italian
CUIS01125,Italian
CUIS01126,Thai
CUIS01127,Thai
CUIS01128,Japanese
CUIS01129,Indian
CUIS01130,Italian
CUIS01131,Mexican
CUIS01132,Japanese
CUIS01133,Italian
CUIS01134,American
CUIS01135,Chinese
CUIS01136,Mexican
CUIS01137,Italian
CUIS01138,Italian
CUIS01139,American
CUIS01140,French
CUIS01141,Japanese
CUIS01142,Chinese
CUIS01143,Mexican
CUIS01144,American
CUIS01145,French
CUIS01146,Chinese
CUIS01147,Thai
CUIS01148,Mediterranean
CUIS01149,Japanese
CUIS01150,French
CUIS01151,Thai
CUIS01152,American
CUIS01153,Spanish
CUIS01154,Mexican
CUIS01155,French
CUIS01156,Italian
CUIS01157,Italian
CUIS01158,Indian
CUIS01159,Italian
CUIS01160,Italian
CUIS01161,Indian
CUIS01162,Japanese
CUIS01163,American
CUIS01164,French
CUIS01165,Chinese
CUIS01166,Mediterranean
CUIS01167,Mediterranean
CUIS01168,French
CUIS01169,Italian
CUIS01170,French
CUIS01171,Italian
CUIS01172,Mediterranean
CUIS01173,Spanish
CUIS01174,Chinese
CUIS01175,Indian
CUIS01176,American
CUIS01177,Italian
CUIS01178,Thai
CUIS01179,French
CUIS01180,Japanese
CUIS01181,Mediterranean
CUIS01182,Mediterranean
CUIS01183,Mexican
CUIS01184,French
CUIS01185,Mexican
CUIS01186,Japanese
CUIS01187,French
CUIS01188,Thai
CUIS01189,Chinese
CUIS01190,Mexican
CUIS01191,Italian
CUIS01192,French
CUIS01193,Indian
CUIS01194,Indian
CUIS01195,Spanish
CUIS01196,American
CUIS01197,Spanish
CUIS01198,Indian
CUIS01199,French
CUIS01200,Thai
CUIS01201,Spanish
CUIS01202,Mexican
CUIS01203,Spanish
CUIS01204,Mexican
CUIS01205,Mediterranean
CUIS01206,Mexican
CUIS01207,Spanish
CUIS01208,Spanish
CUIS01209,American
CUIS01210,Italian
CUIS01211,Thai
CUIS01212,Mediterranean
CUIS01213,Italian
CUIS01214,Thai
CUIS01215,French
CUIS01216,French
CUIS01217,Mediterranean
CUIS01218,French
CUIS01219,Mediterranean
CUIS01220,Thai
CUIS01221,Indian
CUIS01222,Indian
CUIS01223,Spanish
CUIS01224,American
CUIS01225,Mexican
CUIS01226,Indian
CUIS01227,Indian
CUIS01228,Mexican
CUIS01229,Chinese
CUIS01230,Italian
CUIS01231,Chinese
CUIS01232,Chinese
CUIS01233,Mediterranean
CUIS01234,Thai
CUIS01235,Thai
CUIS01236,Mexican
CUIS01237,Chinese
CUIS01238,American
CUIS01239,Japanese
CUIS01240,Mexican
CUIS01241,French
CUIS01242,Thai
CUIS01243,Italian
CUIS01244,Spanish
CUIS01245,American
CUIS01246,Mexican
CUIS01247,Indian
CUIS01248,Japanese
CUIS01249,Indian
CUIS01250,Thai
CUIS01251,Thai
CUIS01252,Italian
CUIS01253,Indian
CUIS01254,Spanish
CUIS01255,Italian
CUIS01256,Thai
CUIS01257,American
CUIS01258,Indian
CUIS01259,Chinese
CUIS01260,Chinese
CUIS01261,French
CUIS01262,Thai
CUIS01263,Spanish
CUIS01264,French
CUIS01265,Mexican
CUIS01266,Mexican
CUIS01267,Italian
CUIS01268,Japanese
CUIS01269,Thai
CUIS01270,French
CUIS01271,Italian
CUIS01272,Spanish
CUIS01273,Italian
CUIS01274,Chinese
CUIS01275,Thai
CUIS01276,Mediterranean
CUIS01277,French
CUIS01278,American
CUIS01279,Japanese
CUIS01280,Indian
CUIS01281,Chinese
CUIS01282,Japanese
CUIS01283,Italian
CUIS01284,Japanese
CUIS01285,Italian
CUIS01286,Mexican
CUIS01287,Indian
CUIS01288,Italian
CUIS01289,Thai
CUIS01290,Indian
CUIS01291,French
CUIS01292,Mexican
CUIS01293,Chinese
CUIS01294,Thai
CUIS01295,American
CUIS01296,Chinese
CUIS01297,Mexican
CUIS01298,Thai
CUIS01299,Japanese
CUIS01300,Mexican
CUIS01301,French
CUIS01302,American
CUIS01303,Spanish
CUIS01304,French
CUIS01305,Italian
CUIS01306,Mexican
CUIS01307,Chinese
CUIS01308,Italian
CUIS01309,Thai
CUIS01310,French
CUIS01311,Spanish
CUIS01312,Chinese
CUIS01313,Thai
CUIS01314,Chinese
CUIS01315,American
CUIS01316,Chinese
CUIS01317,Thai
CUIS01318,Japanese
CUIS01319,Italian
CUIS01320,American
CUIS01321,Spanish
CUIS01322,Indian
CUIS01323,Spanish
CUIS01324,Thai
CUIS01325,Indian
CUIS01326,Mediterranean
CUIS01327,Italian
CUIS01328,Spanish
CUIS01329,Thai
CUIS01330,Spanish
CUIS01331,French
CUIS01332,Japanese
CUIS01333,Mediterranean
CUIS01334,Japanese
CUIS01335,Spanish
CUIS01336,American
CUIS01337,Chinese
CUIS01338,American
CUIS01339,Mexican
CUIS01340,Mexican
CUIS01341,American
CUIS01342,Thai
CUIS01343,Mediterranean
CUIS01344,Mexican
CUIS01345,Japanese
CUIS01346,Mexican
CUIS01347,French
CUIS01348,French
CUIS01349,French
CUIS01350,Spanish
CUIS01351,Thai
CUIS01352,Mexican
CUIS01353,Indian
CUIS01354,Mediterranean
CUIS01355,Mexican
CUIS01356,American
CUIS01357,Mediterranean
CUIS01358,Chinese
CUIS01359,Spanish
CUIS01360,Thai
CUIS01361,Mexican
CUIS01362,Indian
CUIS01363,Spanish
CUIS01364,Mediterranean
CUIS01365,Japanese
CUIS01366,American
CUIS01367,Japanese
CUIS01368,French
CUIS01369,Italian
CUIS01370,Mexican
CUIS01371,French
CUIS01372,Italian
CUIS01373,Japanese
CUIS01374,French
CUIS01375,Mediterranean
CUIS01376,Japanese
CUIS01377,American
CUIS01378,Japanese
CUIS01379,Chinese
CUIS01380,American
CUIS01381,Thai
CUIS01382,Mediterranean
CUIS01383,American
CUIS01384,Mediterranean
CUIS01385,Indian
CUIS01386,Japanese
CUIS01387,Mexican
CUIS01388,Japanese
CUIS01389,Thai
CUIS01390,Mexican
CUIS01391,Indian
CUIS01392,French
CUIS01393,Chinese
CUIS01394,Mexican
CUIS01395,American
CUIS01396,Chinese
CUIS01397,Japanese
CUIS01398,American
CUIS01399,American
CUIS01400,Chinese
CUIS01401,Japanese
CUIS01402,Indian
CUIS01403,American
CUIS01404,Mediterranean
CUIS01405,Italian
CUIS01406,Spanish
CUIS01407,Japanese
CUIS01408,Mediterranean
CUIS01409,Mexican
CUIS01410,French
CUIS01411,Mediterranean
CUIS01412,Mediterranean
CUIS01413,Italian
CUIS01414,Indian
CUIS01415,Japanese
CUIS01416,Japanese
CUIS01417,Chinese
CUIS01418,Chinese
CUIS01419,French
CUIS01420,American
CUIS01421,Spanish
CUIS01422,French
CUIS01423,Italian
CUIS01424,American
CUIS01425,Spanish
CUIS01426,Japanese
CUIS01427,French
CUIS01428,Italian
CUIS01429,American
CUIS01430,Indian
CUIS01431,Japanese
CUIS01432,Spanish
CUIS01433,Chinese
CUIS01434,American
CUIS01435,Japanese
CUIS01436,Indian
CUIS01437,Chinese
CUIS01438,Thai
CUIS01439,French
CUIS01440,Italian
CUIS01441,Spanish
CUIS01442,Chinese
CUIS01443,American
CUIS01444,Japanese
CUIS01445,Indian
CUIS01446,Japanese
CUIS01447,Mexican
CUIS01448,Japanese
CUIS01449,Thai
CUIS01450,Mediterranean
CUIS01451,Mexican
CUIS01452,Mexican
CUIS01453,Thai
CUIS01454,French
CUIS01455,Chinese
CUIS01456,French
CUIS01457,Italian
CUIS01458,Mediterranean
CUIS01459,Italian
CUIS01460,Indian
CUIS01461,Indian
CUIS01462,Spanish
CUIS01463,Chinese
CUIS01464,Mexican
CUIS01465,Thai
CUIS01466,Spanish
CUIS01467,French
CUIS01468,Italian
CUIS01469,Italian
CUIS01470,Spanish
CUIS01471,Chinese
CUIS01472,American
CUIS01473,Indian
CUIS01474,Mexican
CUIS01475,Mexican
CUIS01476,American
CUIS01477,Thai
CUIS01478,Mediterranean
CUIS01479,Spanish
CUIS01480,Japanese
CUIS01481,Indian
CUIS01482,Italian
CUIS01483,Spanish
CUIS01484,Mediterranean
CUIS01485,Mexican
CUIS01486,Japanese
CUIS01487,Mediterranean
CUIS01488,French
CUIS01489,Japanese
CUIS01490,French
CUIS01491,Mexican
CUIS01492,Mediterranean
CUIS01493,Mexican
CUIS01494,Chinese
CUIS01495,French
CUIS01496,Japanese
CUIS01497,Chinese
CUIS01498,Italian
CUIS01499,Thai
CUIS01500,Chinese
CUIS01501,Chinese
CUIS01502,Mexican
CUIS01503,Spanish
CUIS01504,Thai
CUIS01505,Spanish
CUIS01506,Chinese
CUIS01507,Mediterranean
CUIS01508,Spanish
CUIS01509,Thai
CUIS01510,Mexican
CUIS01511,French
CUIS01512,Mexican
CUIS01513,Italian
CUIS01514,Mediterranean
CUIS01515,Mexican
CUIS01516,French
CUIS01517,Indian
CUIS01518,Thai
CUIS01519,French
CUIS01520,Mediterranean
CUIS01521,French
CUIS01522,Spanish
CUIS01523,Mexican
CUIS01524,French
CUIS01525,French
CUIS01526,Indian
CUIS01527,Mediterranean
CUIS01528,Mexican
CUIS01529,Italian
CUIS01530,Spanish
CUIS01531,Chinese
CUIS01532,Mexican
CUIS01533,Mexican
CUIS01534,Japanese
CUIS01535,Indian
CUIS01536,Italian
CUIS01537,American
CUIS01538,American
CUIS01539,Indian
CUIS01540,Japanese
CUIS01541,Mediterranean
CUIS01542,American
CUIS01543,Mexican
CUIS01544,Chinese
CUIS01545,American
CUIS01546,Italian
CUIS01547,Chinese
CUIS01548,French
CUIS01549,American
CUIS01550,American
CUIS01551,Spanish
CUIS01552,Spanish
CUIS01553,Japanese
CUIS01554,Mexican
CUIS01555,Indian
CUIS01556,Japanese
CUIS01557,Mediterranean
CUIS01558,Indian
CUIS01559,Italian
CUIS01560,Mexican
CUIS01561,American
CUIS01562,Japanese
CUIS01563,Mexican
CUIS01564,Mexican
CUIS01565,Indian
CUIS01566,American
CUIS01567,Indian
CUIS01568,Chinese
CUIS01569,Spanish
CUIS01570,French
CUIS01571,Japanese
CUIS01572,American
CUIS01573,Mexican
CUIS01574,French
CUIS01575,Italian
CUIS01576,Italian
CUIS01577,French
CUIS01578,Mediterranean
CUIS01579,French
CUIS01580,Spanish
CUIS01581,Mediterranean
CUIS01582,Indian
CUIS01583,French
CUIS01584,Thai
CUIS01585,Italian
CUIS01586,Spanish
CUIS01587,Indian
CUIS01588,Spanish
CUIS01589,Chinese
CUIS01590,Indian
CUIS01591,Chinese
CUIS01592,French
CUIS01593,Chinese
CUIS01594,American
CUIS01595,Italian
CUIS01596,Chinese
CUIS01597,Chinese
CUIS01598,Italian
CUIS01599,Chinese
CUIS01600,Mediterranean
CUIS01601,Mediterranean
CUIS01602,Thai
CUIS01603,American
CUIS01604,French
CUIS01605,Indian
CUIS01606,Indian
CUIS01607,French
CUIS01608,Indian
CUIS01609,Japanese
CUIS01610,Mexican
CUIS01611,Chinese
CUIS01612,Thai
CUIS01613,American
CUIS01614,Chinese
CUIS01615,Mediterranean
CUIS01616,Thai
CUIS01617,Japanese
CUIS01618,Japanese
CUIS01619,American
CUIS01620,Indian
CUIS01621,Japanese
CUIS01622,Mexican
CUIS01623,Chinese
CUIS01624,Thai
CUIS01625,Indian
CUIS01626,American
CUIS01627,Indian
CUIS01628,Japanese
CUIS01629,Japanese
CUIS01630,Japanese
CUIS01631,Italian
CUIS01632,French
CUIS01633,Italian
CUIS01634,Italian
CUIS01635,Indian
CUIS01636,Indian
CUIS01637,Indian
CUIS01638,American
CUIS01639,Spanish
CUIS01640,Spanish
CUIS01641,American
CUIS01642,Spanish
CUIS01643,Thai
CUIS01644,French
CUIS01645,Mexican
CUIS01646,American
CUIS01647,French
CUIS01648,Mexican
CUIS01649,Spanish
CUIS01650,Indian
CUIS01651,Italian
CUIS01652,Thai
CUIS01653,Italian
CUIS01654,Spanish
CUIS01655,Japanese
CUIS01656,Mexican
CUIS01657,American
CUIS01658,Chinese
CUIS01659,Thai
CUIS01660,Italian
CUIS01661,Mexican
CUIS01662,Spanish
CUIS01663,Mexican
CUIS01664,Mexican
CUIS01665,Mediterranean
CUIS01666,Italian
CUIS01667,Italian
CUIS01668,Italian
CUIS01669,French
CUIS01670,Mediterranean
CUIS01671,Thai
CUIS01672,Mexican
CUIS01673,Indian
CUIS01674,Chinese
CUIS01675,Chinese
CUIS01676,Chinese
CUIS01677,Japanese
CUIS01678,Mediterranean
CUIS01679,Spanish
CUIS01680,Spanish
CUIS01681,Mexican
CUIS01682,Mexican
CUIS01683,Indian
CUIS01684,Thai
CUIS01685,French
CUIS01686,Mexican
CUIS01687,Mediterranean
CUIS01688,Mexican
CUIS01689,Italian
CUIS01690,Chinese
CUIS01691,American
CUIS01692,American
CUIS01693,American
CUIS01694,Indian
CUIS01695,Spanish
CUIS01696,Italian
CUIS01697,Thai
CUIS01698,American
CUIS01699,French
CUIS01700,Mediterranean
CUIS01701,Indian
CUIS01702,Chinese
CUIS01703,Mexican
CUIS01704,Mexican
CUIS01705,Thai
CUIS01706,Indian
CUIS01707,American
CUIS01708,Mexican
CUIS01709,French
CUIS01710,Japanese
CUIS01711,Indian
CUIS01712,Japanese
CUIS01713,Italian
CUIS01714,Mediterranean
CUIS01715,Spanish
CUIS01716,Thai
CUIS01717,Mediterranean
CUIS01718,Chinese
CUIS01719,French
CUIS01720,Mexican
CUIS01721,Mexican
CUIS01722,Indian
CUIS01723,American
CUIS01724,Japanese
CUIS01725,Mexican
CUIS01726,Mediterranean
CUIS01727,Mediterranean
CUIS01728,Mexican
CUIS01729,Spanish
CUIS01730,French
CUIS01731,French
CUIS01732,Japanese
CUIS01733,Indian
CUIS01734,Chinese
CUIS01735,Chinese
CUIS01736,Mexican
CUIS01737,Spanish
CUIS01738,American
CUIS01739,Spanish
CUIS01740,Japanese
CUIS01741,Spanish
CUIS01742,French
CUIS01743,Spanish
CUIS01744,Spanish
CUIS01745,American
CUIS01746,Mexican
CUIS01747,Japanese
CUIS01748,American
CUIS01749,Italian
CUIS01750,Japanese
CUIS01751,Japanese
CUIS01752,French
CUIS01753,Chinese
CUIS01754,French
CUIS01755,Spanish
CUIS01756,Mediterranean
CUIS01757,American
CUIS01758,French
CUIS01759,Mediterranean
CUIS01760,Thai
CUIS01761,Mediterranean
CUIS01762,Indian
CUIS01763,American
CUIS01764,Japanese
CUIS01765,Chinese
CUIS01766,Thai
CUIS01767,Italian
CUIS01768,Thai
CUIS01769,Indian
CUIS01770,Chinese
CUIS01771,Mediterranean
CUIS01772,Chinese
CUIS01773,American
CUIS01774,Mediterranean
CUIS01775,Mediterranean
CUIS01776,Chinese
CUIS01777,Mexican
CUIS01778,American
CUIS01779,Thai
CUIS01780,Italian
CUIS01781,Thai
CUIS01782,Thai
CUIS01783,Mediterranean
CUIS01784,Spanish
CUIS01785,Thai
CUIS01786,Indian
CUIS01787,Chinese
CUIS01788,Italian
CUIS01789,Thai
CUIS01790,Chinese
CUIS01791,Japanese
CUIS01792,Thai
CUIS01793,American
CUIS01794,American
CUIS01795,Spanish
CUIS01796,French
CUIS01797,Italian
CUIS01798,Japanese
CUIS01799,Japanese
CUIS01800,Indian
CUIS01801,Japanese
CUIS01802,French
CUIS01803,Chinese
CUIS01804,Chinese
CUIS01805,Indian
CUIS01806,Italian
CUIS01807,Thai
CUIS01808,Japanese
CUIS01809,Mexican
CUIS01810,Mediterranean
CUIS01811,Mediterranean
CUIS01812,American
CUIS01813,Mexican
CUIS01814,Italian
CUIS01815,Chinese
CUIS01816,Japanese
CUIS01817,Mexican
CUIS01818,Japanese
CUIS01819,Thai
CUIS01820,French
CUIS01821,Indian
CUIS01822,Indian
CUIS01823,Spanish
CUIS01824,French
CUIS01825,Japanese
CUIS01826,French
CUIS01827,Japanese
CUIS01828,Mexican
CUIS01829,Japanese
CUIS01830,Japanese
CUIS01831,Italian
CUIS01832,Mediterranean
CUIS01833,French
CUIS01834,Italian
CUIS01835,Mexican
CUIS01836,Mexican
CUIS01837,French
CUIS01838,Chinese
CUIS01839,Italian
CUIS01840,American
CUIS01841,American
CUIS01842,Mediterranean
CUIS01843,Indian
CUIS01844,Chinese
CUIS01845,French
CUIS01846,American
CUIS01847,Thai
CUIS01848,French
CUIS01849,Spanish
CUIS01850,American
CUIS01851,French
CUIS01852,Italian
CUIS01853,Chinese
CUIS01854,American
CUIS01855,French
CUIS01856,Japanese
CUIS01857,Thai
CUIS01858,Thai
CUIS01859,French
CUIS01860,French
CUIS01861,Indian
CUIS01862,Mediterranean
CUIS01863,Thai
CUIS01864,Spanish
CUIS01865,French
CUIS01866,Thai
CUIS01867,American
CUIS01868,Japanese
CUIS01869,Thai
CUIS01870,Mexican
CUIS01871,Spanish
CUIS01872,Mediterranean
CUIS01873,Mediterranean
CUIS01874,Japanese
CUIS01875,Mexican
CUIS01876,Mediterranean
CUIS01877,Spanish
CUIS01878,Mediterranean
CUIS01879,Mediterranean
CUIS01880,Japanese
CUIS01881,Mediterranean
CUIS01882,Mediterranean
CUIS01883,Mexican
CUIS01884,American
CUIS01885,Italian
CUIS01886,French
CUIS01887,Chinese
CUIS01888,Thai
CUIS01889,Thai
CUIS01890,Chinese
CUIS01891,American
CUIS01892,Indian
CUIS01893,Japanese
CUIS01894,American
CUIS01895,American
CUIS01896,American
CUIS01897,Japanese
CUIS01898,American
CUIS01899,French
CUIS01900,Mediterranean
CUIS01901,Chinese
CUIS01902,Chinese
CUIS01903,Chinese
CUIS01904,French
CUIS01905,Italian
CUIS01906,Mexican
CUIS01907,Indian
CUIS01908,Thai
CUIS01909,Thai
CUIS01910,Chinese
CUIS01911,Mexican
CUIS01912,Japanese
CUIS01913,Thai
CUIS01914,Indian
CUIS01915,Thai
CUIS01916,Japanese
CUIS01917,American
CUIS01918,Chinese
CUIS01919,Spanish
CUIS01920,Spanish
CUIS01921,Italian
CUIS01922,Spanish
CUIS01923,Indian
CUIS01924,Spanish
CUIS01925,Japanese
CUIS01926,Indian
CUIS01927,American
CUIS01928,Thai
CUIS01929,Italian
CUIS01930,Thai
CUIS01931,Chinese
CUIS01932,Thai
CUIS01933,Mediterranean
CUIS01934,Chinese
CUIS01935,Indian
CUIS01936,American
CUIS01937,Mexican
CUIS01938,Chinese
CUIS01939,Indian
CUIS01940,Mexican
CUIS01941,Mexican
CUIS01942,Mexican
CUIS01943,Spanish
CUIS01944,Thai
CUIS01945,Japanese
CUIS01946,Chinese
CUIS01947,Thai
CUIS01948,Thai
CUIS01949,Spanish
CUIS01950,Mediterranean
CUIS01951,Indian
CUIS01952,French
CUIS01953,Indian
CUIS01954,Japanese
CUIS01955,Thai
CUIS01956,Indian
CUIS01957,Spanish
CUIS01958,Mexican
CUIS01959,American
CUIS01960,Thai
CUIS01961,Chinese
CUIS01962,Mediterranean
CUIS01963,Spanish
CUIS01964,Thai
CUIS01965,American
CUIS01966,Mediterranean
CUIS01967,Thai
CUIS01968,Chinese
CUIS01969,Mexican
CUIS01970,Japanese
CUIS01971,Chinese
CUIS01972,Spanish
CUIS01973,Italian
CUIS01974,Mexican
CUIS01975,French
CUIS01976,Thai
CUIS01977,French
CUIS01978,Italian
CUIS01979,Italian
CUIS01980,Spanish
CUIS01981,Italian
CUIS01982,Thai
CUIS01983,Japanese
CUIS01984,Italian
CUIS01985,Indian
CUIS01986,Indian
CUIS01987,American
CUIS01988,Indian
CUIS01989,Japanese
CUIS01990,French
CUIS01991,Mediterranean
CUIS01992,American
CUIS01993,Chinese
CUIS01994,Mexican
CUIS01995,Chinese
CUIS01996,Mediterranean
CUIS01997,Japanese
CUIS01998,Mexican
CUIS01999,Mediterranean
CUIS02000,Spanish
CUIS02001,Chinese
CUIS02002,Spanish
CUIS02003,Thai
CUIS02004,Thai
CUIS02005,Thai
CUIS02006,Japanese
CUIS02007,Indian
CUIS02008,Mediterranean
CUIS02009,Spanish
CUIS02010,French
CUIS02011,Indian
CUIS02012,Thai
CUIS02013,Mexican
CUIS02014,Mediterranean
CUIS02015,Mediterranean
CUIS02016,French
CUIS02017,American
CUIS02018,French
CUIS02019,American
CUIS02020,Spanish
CUIS02021,Thai
CUIS02022,Chinese
CUIS02023,Japanese
CUIS02024,Indian
CUIS02025,Mediterranean
CUIS02026,Mexican
CUIS02027,Chinese
CUIS02028,Spanish
CUIS02029,Spanish
CUIS02030,Japanese
CUIS02031,Spanish
CUIS02032,Italian
CUIS02033,French
CUIS02034,Italian
CUIS02035,Mexican
CUIS02036,Italian
CUIS02037,Indian
CUIS02038,Mediterranean
CUIS02039,Thai
CUIS02040,Mexican
CUIS02041,Italian
CUIS02042,American
CUIS02043,American
CUIS02044,French
CUIS02045,Indian
CUIS02046,Thai
CUIS02047,Japanese
CUIS02048,Mexican
CUIS02049,Chinese
CUIS02050,Chinese
CUIS02051,Indian
CUIS02052,Mexican
CUIS02053,Spanish
CUIS02054,French
CUIS02055,American
CUIS02056,French
CUIS02057,Spanish
CUIS02058,Thai
CUIS02059,Indian
CUIS02060,Chinese
CUIS02061,Spanish
CUIS02062,Japanese
CUIS02063,Indian
CUIS02064,Indian
CUIS02065,Chinese
CUIS02066,Indian
CUIS02067,Italian
CUIS02068,Thai
CUIS02069,Chinese
CUIS02070,French
CUIS02071,Japanese
CUIS02072,Japanese
CUIS02073,Indian
CUIS02074,Mediterranean
CUIS02075,French
CUIS02076,Japanese
CUIS02077,Mediterranean
CUIS02078,Italian
CUIS02079,Mediterranean
CUIS02080,American
CUIS02081,Indian
CUIS02082,American
CUIS02083,Spanish
CUIS02084,Mexican
CUIS02085,Spanish
CUIS02086,Spanish
CUIS02087,Indian
CUIS02088,French
CUIS02089,Mexican
CUIS02090,French
CUIS02091,Italian
CUIS02092,Mediterranean
CUIS02093,Japanese
CUIS02094,Chinese
CUIS02095,Italian
CUIS02096,American
CUIS02097,French
CUIS02098,Thai
CUIS02099,Mexican
CUIS02100,Chinese
CUIS02101,American
CUIS02102,American
CUIS02103,Mexican
CUIS02104,Japanese
CUIS02105,Chinese
CUIS02106,French
CUIS02107,American
CUIS02108,Chinese
CUIS02109,Mediterranean
CUIS02110,French
CUIS02111,Japanese
CUIS02112,Indian
CUIS02113,Mexican
CUIS02114,Chinese
CUIS02115,Thai
CUIS02116,Mediterranean
CUIS02117,Italian
CUIS02118,Chinese
CUIS02119,Thai
CUIS02120,Chinese
CUIS02121,Japanese
CUIS02122,Mediterranean
CUIS02123,Mediterranean
CUIS02124,Chinese
CUIS02125,Mediterranean
CUIS02126,Indian
CUIS02127,French
CUIS02128,Chinese
CUIS02129,Japanese
CUIS02130,Thai
CUIS02131,American
CUIS02132,Chinese
CUIS02133,Italian
CUIS02134,Indian
CUIS02135,French
CUIS02136,Thai
CUIS02137,Japanese
CUIS02138,American
CUIS02139,Italian
CUIS02140,Mediterranean
CUIS02141,Mexican
CUIS02142,Chinese
CUIS02143,French
CUIS02144,American
CUIS02145,Indian
CUIS02146,Chinese
CUIS02147,American
CUIS02148,Mexican
CUIS02149,Mexican
CUIS02150,French
CUIS02151,Spanish
CUIS02152,Indian
CUIS02153,Chinese
CUIS02154,Spanish
CUIS02155,Thai
CUIS02156,Thai
CUIS02157,American
CUIS02158,Mexican
CUIS02159,Indian
CUIS02160,Mexican
CUIS02161,American
CUIS02162,Mexican
CUIS02163,Mediterranean
CUIS02164,French
CUIS02165,Italian
CUIS02166,Mexican
CUIS02167,Japanese
CUIS02168,Mexican
CUIS02169,Chinese
CUIS02170,Spanish
CUIS02171,Chinese
CUIS02172,American
CUIS02173,American
CUIS02174,Italian
CUIS02175,Italian
CUIS02176,Italian
CUIS02177,Chinese
CUIS02178,Japanese
CUIS02179,Spanish
CUIS02180,Italian
CUIS02181,Mexican
CUIS02182,Thai
CUIS02183,French
CUIS02184,Italian
CUIS02185,Chinese
CUIS02186,American
CUIS02187,Spanish
CUIS02188,Spanish
CUIS02189,Mexican
CUIS02190,Japanese
CUIS02191,Indian
CUIS02192,Mexican
CUIS02193,Chinese
CUIS02194,Thai
CUIS02195,American
CUIS02196,Spanish
CUIS02197,Spanish
CUIS02198,Italian
CUIS02199,Japanese
CUIS02200,Japanese
CUIS02201,Chinese
CUIS02202,French
CUIS02203,Indian
CUIS02204,Mexican
CUIS02205,Indian
CUIS02206,Thai
CUIS02207,Thai
CUIS02208,Japanese
CUIS02209,Mexican
CUIS02210,French
CUIS02211,Mexican
CUIS02212,Thai
CUIS02213,Mediterranean
CUIS02214,Indian
CUIS02215,Chinese
CUIS02216,Chinese
CUIS02217,Thai
CUIS02218,Thai
CUIS02219,Mexican
CUIS02220,Italian
CUIS02221,Indian
CUIS02222,Mexican
CUIS02223,Japanese
CUIS02224,American
CUIS02225,Spanish
CUIS02226,French
CUIS02227,Italian
CUIS02228,Chinese
CUIS02229,Chinese
CUIS02230,American
CUIS02231,Spanish
CUIS02232,Spanish
CUIS02233,Thai
CUIS02234,Mexican
CUIS02235,American
CUIS02236,American
CUIS02237,French
CUIS02238,Chinese
CUIS02239,Mediterranean
CUIS02240,Indian
CUIS02241,Mediterranean
CUIS02242,Spanish
CUIS02243,American
CUIS02244,Thai
CUIS02245,Thai
CUIS02246,Mediterranean
CUIS02247,Spanish
CUIS02248,American
CUIS02249,Mediterranean
CUIS02250,Mediterranean
CUIS02251,Indian
CUIS02252,Indian
CUIS02253,Mediterranean
CUIS02254,Thai
CUIS02255,Thai
CUIS02256,Mediterranean
CUIS02257,French
CUIS02258,Japanese
CUIS02259,Mediterranean
CUIS02260,Mexican
CUIS02261,Mexican
CUIS02262,Chinese
CUIS02263,Mexican
CUIS02264,Mexican
CUIS02265,Thai
CUIS02266,French
CUIS02267,Indian
CUIS02268,French
CUIS02269,French
CUIS02270,Spanish
CUIS02271,American
CUIS02272,Mexican
CUIS02273,French
CUIS02274,Chinese
CUIS02275,French
CUIS02276,Mediterranean
CUIS02277,Thai
CUIS02278,Spanish
CUIS02279,Japanese
CUIS02280,Mediterranean
CUIS02281,American
CUIS02282,Italian
CUIS02283,Spanish
CUIS02284,French
CUIS02285,Mexican
CUIS02286,Japanese
CUIS02287,Spanish
CUIS02288,Mexican
CUIS02289,Thai
CUIS02290,Spanish
CUIS02291,French
CUIS02292,Spanish
CUIS02293,American
CUIS02294,Spanish
CUIS02295,Thai
CUIS02296,Indian
CUIS02297,Mediterranean
CUIS02298,Japanese
CUIS02299,Mexican
CUIS02300,Thai
CUIS02301,Thai
CUIS02302,Mediterranean
CUIS02303,Italian
CUIS02304,Japanese
CUIS02305,Spanish
CUIS02306,French
CUIS02307,Mexican
CUIS02308,American
CUIS02309,Japanese
CUIS02310,Mediterranean
CUIS02311,Mexican
CUIS02312,American
CUIS02313,Mexican
CUIS02314,Spanish
CUIS02315,Chinese
CUIS02316,Thai
CUIS02317,Japanese
CUIS02318,Mediterranean
CUIS02319,Indian
CUIS02320,Japanese
CUIS02321,Thai
CUIS02322,Thai
CUIS02323,American
CUIS02324,Italian
CUIS02325,Japanese
CUIS02326,American
CUIS02327,Mexican
CUIS02328,Italian
CUIS02329,Japanese
CUIS02330,Thai
CUIS02331,Italian
CUIS02332,Chinese
CUIS02333,Spanish
CUIS02334,Chinese
CUIS02335,Chinese
CUIS02336,Thai
CUIS02337,Chinese
CUIS02338,Chinese
CUIS02339,Spanish
CUIS02340,Japanese
CUIS02341,Japanese
CUIS02342,Spanish
CUIS02343,Mediterranean
CUIS02344,Indian
CUIS02345,Thai
CUIS02346,Thai
CUIS02347,Thai
CUIS02348,Spanish
CUIS02349,Japanese
CUIS02350,Thai
CUIS02351,Japanese
CUIS02352,Spanish
CUIS02353,Japanese
CUIS02354,Chinese
CUIS02355,American
CUIS02356,Mexican
CUIS02357,French
CUIS02358,Chinese
CUIS02359,Mexican
CUIS02360,Mexican
CUIS02361,French
CUIS02362,French
CUIS02363,Mediterranean
CUIS02364,French
CUIS02365,French
CUIS02366,Indian
CUIS02367,Mexican
CUIS02368,Chinese
CUIS02369,French
CUIS02370,American
CUIS02371,Italian
CUIS02372,Indian
CUIS02373,Mediterranean
CUIS02374,French
CUIS02375,Mediterranean
CUIS02376,Italian
CUIS02377,Chinese
CUIS02378,French
CUIS02379,Mediterranean
CUIS02380,Spanish
CUIS02381,Mediterranean
CUIS02382,Indian
CUIS02383,French
CUIS02384,Mexican
CUIS02385,Italian
CUIS02386,Italian
CUIS02387,Chinese
CUIS02388,Chinese
CUIS02389,Thai
CUIS02390,Japanese
CUIS02391,French
CUIS02392,Mediterranean
CUIS02393,Mexican
CUIS02394,Indian
CUIS02395,French
CUIS02396,Mexican
CUIS02397,Japanese
CUIS02398,Spanish
CUIS02399,Thai
CUIS02400,Mexican
CUIS02401,Mexican
CUIS02402,French
CUIS02403,Japanese
CUIS02404,Mexican
CUIS02405,Japanese
CUIS02406,Chinese
CUIS02407,Spanish
CUIS02408,Mexican
CUIS02409,Thai
CUIS02410,Japanese
CUIS02411,Mediterranean
CUIS02412,American
CUIS02413,Chinese
CUIS02414,American
CUIS02415,Mediterranean
CUIS02416,Indian
CUIS02417,Mediterranean
CUIS02418,Mexican
CUIS02419,Spanish
CUIS02420,Mexican
CUIS02421,Indian
CUIS02422,Japanese
CUIS02423,Indian
CUIS02424,American
CUIS02425,Mexican
CUIS02426,American
CUIS02427,French
CUIS02428,French
CUIS02429,Mexican
CUIS02430,American
CUIS02431,Spanish
CUIS02432,Japanese
CUIS02433,Italian
CUIS02434,Thai
CUIS02435,Mediterranean
CUIS02436,Chinese
CUIS02437,Japanese
CUIS02438,Thai
CUIS02439,Mexican
CUIS02440,Spanish
CUIS02441,Thai
CUIS02442,Spanish
CUIS02443,American
CUIS02444,Indian
CUIS02445,French
CUIS02446,Italian
CUIS02447,French
CUIS02448,Thai
CUIS02449,Italian
CUIS02450,Mexican
CUIS02451,Mediterranean
CUIS02452,Japanese
CUIS02453,Thai
CUIS02454,Spanish
CUIS02455,Spanish
CUIS02456,American
CUIS02457,Chinese
CUIS02458,Japanese
CUIS02459,American
CUIS02460,Mediterranean
CUIS02461,French
CUIS02462,Spanish
CUIS02463,Mexican
CUIS02464,Italian
CUIS02465,French
CUIS02466,Spanish
CUIS02467,Mediterranean
CUIS02468,Chinese
CUIS02469,Japanese
CUIS02470,French
CUIS02471,Italian
CUIS02472,Mexican
CUIS02473,Spanish
CUIS02474,Japanese
CUIS02475,Chinese
CUIS02476,Mediterranean
CUIS02477,Thai
CUIS02478,Spanish
CUIS02479,Mediterranean
CUIS02480,Mediterranean
CUIS02481,Chinese
CUIS02482,American
CUIS02483,Chinese
CUIS02484,Mexican
CUIS02485,Mediterranean
CUIS02486,Thai
CUIS02487,French
CUIS02488,American
CUIS02489,Indian
CUIS02490,Indian
CUIS02491,Chinese
CUIS02492,Japanese
CUIS02493,Mexican
CUIS02494,Italian
CUIS02495,Indian
CUIS02496,Indian
CUIS02497,Italian
CUIS02498,Thai
CUIS02499,Italian
CUIS02500,Thai
CUIS02501,Italian
CUIS02502,Japanese
CUIS02503,Mediterranean
CUIS02504,Thai
CUIS02505,Japanese
CUIS02506,Mexican
CUIS02507,French
CUIS02508,Mediterranean
CUIS02509,Japanese
CUIS02510,Mediterranean
CUIS02511,Italian
CUIS02512,French
CUIS02513,Chinese
CUIS02514,Thai
CUIS02515,Japanese
CUIS02516,Italian
CUIS02517,Indian
CUIS02518,American
CUIS02519,Indian
CUIS02520,Mexican
CUIS02521,French
CUIS02522,Indian
CUIS02523,Mediterranean
CUIS02524,Japanese
CUIS02525,American
CUIS02526,Thai
CUIS02527,Mediterranean
CUIS02528,Spanish
CUIS02529,Indian
CUIS02530,American
CUIS02531,Thai
CUIS02532,Spanish
CUIS02533,American
CUIS02534,Italian
CUIS02535,Thai
CUIS02536,American
CUIS02537,Spanish
CUIS02538,Mexican
CUIS02539,Thai
CUIS02540,Indian
CUIS02541,Japanese
CUIS02542,American
CUIS02543,Indian
CUIS02544,Indian
CUIS02545,Japanese
CUIS02546,American
CUIS02547,Mediterranean
CUIS02548,Chinese
CUIS02549,Italian
CUIS02550,French
CUIS02551,American
CUIS02552,Chinese
CUIS02553,French
CUIS02554,American
CUIS02555,Japanese
CUIS02556,Mediterranean
CUIS02557,Mediterranean
CUIS02558,French
CUIS02559,Chinese
CUIS02560,Japanese
CUIS02561,French
CUIS02562,Indian
CUIS02563,Japanese
CUIS02564,American
CUIS02565,Chinese
CUIS02566,American
CUIS02567,Chinese
CUIS02568,American
CUIS02569,Mediterranean
CUIS02570,Mexican
CUIS02571,Thai
CUIS02572,Japanese
CUIS02573,Italian
CUIS02574,Mediterranean
CUIS02575,Spanish
CUIS02576,Spanish
CUIS02577,Mediterranean
CUIS02578,Chinese
CUIS02579,Mediterranean
CUIS02580,Mexican
CUIS02581,Indian
CUIS02582,Thai
CUIS02583,Japanese
CUIS02584,Japanese
CUIS02585,Chinese
CUIS02586,Thai
CUIS02587,Spanish
CUIS02588,Indian
CUIS02589,Chinese
CUIS02590,Thai
CUIS02591,Mexican
CUIS02592,Mexican
CUIS02593,Chinese
CUIS02594,Japanese
CUIS02595,Chinese
CUIS02596,French
CUIS02597,Chinese
CUIS02598,Indian
CUIS02599,French
CUIS02600,Spanish
CUIS02601,Mexican
CUIS02602,Japanese
CUIS02603,Thai
CUIS02604,Chinese
CUIS02605,Chinese
CUIS02606,Mediterranean
CUIS02607,Thai
CUIS02608,French
CUIS02609,American
CUIS02610,Spanish
CUIS02611,Chinese
CUIS02612,Mexican
CUIS02613,Mediterranean
CUIS02614,Mediterranean
CUIS02615,Chinese
CUIS02616,Mexican
CUIS02617,Thai
CUIS02618,Italian
CUIS02619,American
CUIS02620,Chinese
CUIS02621,Indian
CUIS02622,Chinese
CUIS02623,Indian
CUIS02624,Mediterranean
CUIS02625,French
CUIS02626,Indian
CUIS02627,Indian
CUIS02628,Spanish
CUIS02629,Japanese
CUIS02630,Indian
CUIS02631,Mexican
CUIS02632,Thai
CUIS02633,American
CUIS02634,Japanese
CUIS02635,American
CUIS02636,Spanish
CUIS02637,French
CUIS02638,Japanese
CUIS02639,French
CUIS02640,Italian
CUIS02641,Thai
CUIS02642,French
CUIS02643,Japanese
CUIS02644,Italian
CUIS02645,Indian
CUIS02646,French
CUIS02647,American
CUIS02648,Chinese
CUIS02649,Spanish
CUIS02650,Mexican
CUIS02651,Italian
CUIS02652,American
CUIS02653,Indian
CUIS02654,Thai
CUIS02655,Indian
CUIS02656,American
CUIS02657,Italian
CUIS02658,Indian
CUIS02659,Japanese
CUIS02660,Mexican
CUIS02661,Mexican
CUIS02662,Spanish
CUIS02663,Japanese
CUIS02664,Thai
CUIS02665,Chinese
CUIS02666,Chinese
CUIS02667,Mexican
CUIS02668,American
CUIS02669,French
CUIS02670,Spanish
CUIS02671,French
CUIS02672,Mexican
CUIS02673,French
CUIS02674,American
CUIS02675,Mexican
CUIS02676,Japanese
CUIS02677,Mediterranean
CUIS02678,Spanish
CUIS02679,Mexican
CUIS02680,Chinese
CUIS02681,Italian
CUIS02682,Italian
CUIS02683,Mediterranean
CUIS02684,American
CUIS02685,Indian
CUIS02686,Mexican
CUIS02687,French
CUIS02688,American
CUIS02689,Mexican
CUIS02690,Japanese
CUIS02691,Spanish
CUIS02692,Chinese
CUIS02693,Spanish
CUIS02694,French
CUIS02695,Mexican
CUIS02696,Thai
CUIS02697,French
CUIS02698,Spanish
CUIS02699,Mediterranean
CUIS02700,Japanese
CUIS02701,Mediterranean
CUIS02702,French
CUIS02703,French
CUIS02704,Indian
CUIS02705,French
CUIS02706,American
CUIS02707,Japanese
CUIS02708,Mexican
CUIS02709,Mexican
CUIS02710,Spanish
CUIS02711,Mexican
CUIS02712,Mediterranean
CUIS02713,Italian
CUIS02714,Chinese
CUIS02715,American
CUIS02716,Spanish
CUIS02717,Chinese
CUIS02718,Italian
CUIS02719,Spanish
CUIS02720,Italian
CUIS02721,Japanese
CUIS02722,Thai
CUIS02723,American
CUIS02724,Japanese
CUIS02725,Indian
CUIS02726,Indian
CUIS02727,Indian
CUIS02728,French
CUIS02729,French
CUIS02730,Thai
CUIS02731,Indian
CUIS02732,Spanish
CUIS02733,Chinese
CUIS02734,Italian
CUIS02735,Japanese
CUIS02736,Mediterranean
CUIS02737,Japanese
CUIS02738,Spanish
CUIS02739,Indian
CUIS02740,American
CUIS02741,Italian
CUIS02742,Thai
CUIS02743,French
CUIS02744,Italian
CUIS02745,Indian
CUIS02746,French
CUIS02747,Mediterranean
CUIS02748,Italian
CUIS02749,Spanish
CUIS02750,Thai
CUIS02751,Japanese
CUIS02752,Indian
CUIS02753,Thai
CUIS02754,American
CUIS02755,Indian
CUIS02756,Japanese
CUIS02757,Indian
CUIS02758,Mexican
CUIS02759,Chinese
CUIS02760,Chinese
CUIS02761,Chinese
CUIS02762,Indian
CUIS02763,French
CUIS02764,French
CUIS02765,Mediterranean
CUIS02766,Indian
CUIS02767,Spanish
CUIS02768,Japanese
CUIS02769,Mediterranean
CUIS02770,Spanish
CUIS02771,Italian
CUIS02772,Indian
CUIS02773,Japanese
CUIS02774,Indian
CUIS02775,Mediterranean
CUIS02776,French
CUIS02777,Spanish
CUIS02778,Spanish
CUIS02779,Chinese
CUIS02780,Spanish
CUIS02781,Indian
CUIS02782,Italian
CUIS02783,Spanish
CUIS02784,American
CUIS02785,Chinese
CUIS02786,Chinese
CUIS02787,Mexican
CUIS02788,Italian
CUIS02789,Japanese
CUIS02790,American
CUIS02791,Thai
CUIS02792,Spanish
CUIS02793,American
CUIS02794,American
CUIS02795,Mexican
CUIS02796,French
CUIS02797,Chinese
CUIS02798,American
CUIS02799,Italian
CUIS02800,Spanish
CUIS02801,Italian
CUIS02802,Chinese
CUIS02803,Chinese
CUIS02804,Italian
CUIS02805,Indian
CUIS02806,Chinese
CUIS02807,Italian
CUIS02808,Mexican
CUIS02809,Japanese
CUIS02810,Indian
CUIS02811,American
CUIS02812,Italian
CUIS02813,American
CUIS02814,Italian
CUIS02815,Thai
CUIS02816,Mexican
CUIS02817,Chinese
CUIS02818,American
CUIS02819,American
CUIS02820,American
CUIS02821,Chinese
CUIS02822,Mediterranean
CUIS02823,Chinese
CUIS02824,Indian
CUIS02825,Mexican
CUIS02826,Mexican
CUIS02827,Mexican
CUIS02828,Mexican
CUIS02829,Mexican
CUIS02830,American
CUIS02831,French
CUIS02832,Spanish
CUIS02833,Italian
CUIS02834,American
CUIS02835,Thai
CUIS02836,Chinese
CUIS02837,Japanese
CUIS02838,Italian
CUIS02839,Japanese
CUIS02840,Indian
CUIS02841,Chinese
CUIS02842,Spanish
CUIS02843,Italian
CUIS02844,Indian
CUIS02845,Japanese
CUIS02846,Indian
CUIS02847,Thai
CUIS02848,Italian
CUIS02849,Spanish
CUIS02850,Mediterranean
CUIS02851,Chinese
CUIS02852,Japanese
CUIS02853,Mexican
CUIS02854,Spanish
CUIS02855,American
CUIS02856,Indian
CUIS02857,Chinese
CUIS02858,American
CUIS02859,Mexican
CUIS02860,Italian
CUIS02861,American
CUIS02862,Italian
CUIS02863,Thai
CUIS02864,Indian
CUIS02865,Thai
CUIS02866,Italian
CUIS02867,Mediterranean
CUIS02868,Chinese
CUIS02869,Spanish
CUIS02870,American
CUIS02871,Mexican
CUIS02872,Indian
CUIS02873,Spanish
CUIS02874,Japanese
CUIS02875,French
CUIS02876,Mexican
CUIS02877,Mexican
CUIS02878,Indian
CUIS02879,Spanish
CUIS02880,French
CUIS02881,Indian
CUIS02882,Mediterranean
CUIS02883,Indian
CUIS02884,Mediterranean
CUIS02885,Mediterranean
CUIS02886,Mexican
CUIS02887,Japanese
CUIS02888,Mexican
CUIS02889,Japanese
CUIS02890,Mediterranean
CUIS02891,Chinese
CUIS02892,Chinese
CUIS02893,American
CUIS02894,Indian
CUIS02895,Italian
CUIS02896,Spanish
CUIS02897,French
CUIS02898,Italian
CUIS02899,Italian
CUIS02900,Mediterranean
CUIS02901,French
CUIS02902,American
CUIS02903,French
CUIS02904,Japanese
CUIS02905,Italian
CUIS02906,Thai
CUIS02907,Japanese
CUIS02908,Indian
CUIS02909,Mediterranean
CUIS02910,French
CUIS02911,Mexican
CUIS02912,Spanish
CUIS02913,Mexican
CUIS02914,Mexican
CUIS02915,Spanish
CUIS02916,Chinese
CUIS02917,Mediterranean
CUIS02918,Chinese
CUIS02919,American
CUIS02920,Chinese
CUIS02921,Mediterranean
CUIS02922,Mediterranean
CUIS02923,French
CUIS02924,Spanish
CUIS02925,French
CUIS02926,Italian
CUIS02927,American
CUIS02928,Chinese
CUIS02929,Italian
CUIS02930,Indian
CUIS02931,Indian
CUIS02932,Spanish
CUIS02933,American
CUIS02934,Thai
CUIS02935,Mediterranean
CUIS02936,French
CUIS02937,Thai
CUIS02938,Mexican
CUIS02939,Chinese
CUIS02940,Chinese
CUIS02941,Thai
CUIS02942,Italian
CUIS02943,Thai
CUIS02944,Italian
CUIS02945,Italian
CUIS02946,Spanish
CUIS02947,American
CUIS02948,Indian
CUIS02949,Japanese
CUIS02950,Italian
CUIS02951,American
CUIS02952,Indian
CUIS02953,Thai
CUIS02954,French
CUIS02955,French
CUIS02956,Spanish
CUIS02957,Italian
CUIS02958,Italian
CUIS02959,French
CUIS02960,Mediterranean
CUIS02961,Indian
CUIS02962,Mexican
CUIS02963,Spanish
CUIS02964,French
CUIS02965,Thai
CUIS02966,Indian
CUIS02967,Indian
CUIS02968,American
CUIS02969,Chinese
CUIS02970,Mexican
CUIS02971,Thai
CUIS02972,French
CUIS02973,Italian
CUIS02974,French
CUIS02975,Mexican
CUIS02976,American
CUIS02977,American
CUIS02978,Chinese
CUIS02979,Mediterranean
CUIS02980,Spanish
CUIS02981,Thai
CUIS02982,Thai
CUIS02983,Chinese
CUIS02984,American
CUIS02985,American
CUIS02986,French
CUIS02987,Mexican
CUIS02988,Mediterranean
CUIS02989,Spanish
CUIS02990,Thai
CUIS02991,Italian
CUIS02992,Mediterranean
CUIS02993,Chinese
CUIS02994,Indian
CUIS02995,Indian
CUIS02996,Japanese
CUIS02997,Japanese
CUIS02998,French
CUIS02999,Chinese
CUIS03000,Indian
CUIS03001,Thai
CUIS03002,Chinese
CUIS03003,Mediterranean
CUIS03004,Mediterranean
CUIS03005,Mexican
CUIS03006,American
CUIS03007,Chinese
CUIS03008,Indian
CUIS03009,French
CUIS03010,Japanese
CUIS03011,Chinese
CUIS03012,Mediterranean
CUIS03013,Japanese
CUIS03014,Italian
CUIS03015,Thai
CUIS03016,Japanese
CUIS03017,American
CUIS03018,Spanish
CUIS03019,Mediterranean
CUIS03020,Indian
CUIS03021,Mediterranean
CUIS03022,Italian
CUIS03023,French
CUIS03024,Italian
CUIS03025,Thai
CUIS03026,Spanish
CUIS03027,French
CUIS03028,American
CUIS03029,French
CUIS03030,American
CUIS03031,American
CUIS03032,Mexican
CUIS03033,Spanish
CUIS03034,Italian
CUIS03035,Indian
CUIS03036,Mediterranean
CUIS03037,Spanish
CUIS03038,Italian
CUIS03039,Spanish
CUIS03040,Italian
CUIS03041,Mexican
CUIS03042,Italian
CUIS03043,Italian
CUIS03044,Indian
CUIS03045,Indian
CUIS03046,American
CUIS03047,Chinese
CUIS03048,Thai
CUIS03049,Chinese
CUIS03050,Mediterranean
CUIS03051,Japanese
CUIS03052,Italian
CUIS03053,Japanese
CUIS03054,Mexican
CUIS03055,Japanese
CUIS03056,Mediterranean
CUIS03057,Mediterranean
CUIS03058,French
CUIS03059,Mediterranean
CUIS03060,French
CUIS03061,American
CUIS03062,Indian
CUIS03063,Chinese
CUIS03064,Italian
CUIS03065,Spanish
CUIS03066,American
CUIS03067,Indian
CUIS03068,Mediterranean
CUIS03069,Mexican
CUIS03070,Mexican
CUIS03071,American
CUIS03072,Thai
CUIS03073,Chinese
CUIS03074,Italian
CUIS03075,Japanese
CUIS03076,Spanish
CUIS03077,Mexican
CUIS03078,Mexican
CUIS03079,Japanese
CUIS03080,Thai
CUIS03081,American
CUIS03082,Mexican
CUIS03083,Japanese
CUIS03084,Indian
CUIS03085,Thai
CUIS03086,Italian
CUIS03087,Spanish
CUIS03088,Spanish
CUIS03089,Italian
CUIS03090,Chinese
CUIS03091,Thai
CUIS03092,American
CUIS03093,Chinese
CUIS03094,Mexican
CUIS03095,Indian
CUIS03096,Italian
CUIS03097,Mediterranean
CUIS03098,Italian
CUIS03099,Mexican
CUIS03100,Mediterranean
CUIS03101,Indian
CUIS03102,Chinese
CUIS03103,Thai
CUIS03104,Italian
CUIS03105,Mexican
CUIS03106,Chinese
CUIS03107,Japanese
CUIS03108,Spanish
CUIS03109,Indian
CUIS03110,Thai
CUIS03111,Mexican
CUIS03112,Chinese
CUIS03113,Indian
CUIS03114,Mexican
CUIS03115,Indian
CUIS03116,Mediterranean
CUIS03117,Japanese
CUIS03118,Spanish
CUIS03119,American
CUIS03120,French
CUIS03121,Spanish
CUIS03122,French
CUIS03123,Chinese
CUIS03124,Chinese
CUIS03125,Mediterranean
CUIS03126,Mexican
CUIS03127,Indian
CUIS03128,Chinese
CUIS03129,Japanese
CUIS03130,Italian
CUIS03131,Indian
CUIS03132,Italian
CUIS03133,American
CUIS03134,Spanish
CUIS03135,Mexican
CUIS03136,American
CUIS03137,Indian
CUIS03138,Mediterranean
CUIS03139,Mexican
CUIS03140,Mediterranean
CUIS03141,Japanese
CUIS03142,Mexican
CUIS03143,Japanese
CUIS03144,Chinese
CUIS03145,Spanish
CUIS03146,Indian
CUIS03147,Japanese
CUIS03148,Mexican
CUIS03149,Thai
CUIS03150,Indian
CUIS03151,American
CUIS03152,Spanish
CUIS03153,French
CUIS03154,Japanese
CUIS03155,Thai
CUIS03156,Chinese
CUIS03157,Mexican
CUIS03158,French
CUIS03159,American
CUIS03160,French
CUIS03161,Mediterranean
CUIS03162,Mexican
CUIS03163,French
CUIS03164,American
CUIS03165,American
CUIS03166,Thai
CUIS03167,Mexican
CUIS03168,Japanese
CUIS03169,American
CUIS03170,Spanish
CUIS03171,Japanese
CUIS03172,Indian
CUIS03173,Indian
CUIS03174,Spanish
CUIS03175,Mexican
CUIS03176,French
CUIS03177,Japanese
CUIS03178,Italian
CUIS03179,French
CUIS03180,French
CUIS03181,Indian
CUIS03182,Spanish
CUIS03183,Mexican
CUIS03184,French
CUIS03185,Italian
CUIS03186,French
CUIS03187,Indian
CUIS03188,Mediterranean
CUIS03189,Mediterranean
CUIS03190,American
CUIS03191,Mexican
CUIS03192,Mediterranean
CUIS03193,American
CUIS03194,Japanese
CUIS03195,Spanish
CUIS03196,Mexican
CUIS03197,Spanish
CUIS03198,American
CUIS03199,Mexican
CUIS03200,Mexican
CUIS03201,Spanish
CUIS03202,Mexican
CUIS03203,Spanish
CUIS03204,Thai
CUIS03205,Japanese
CUIS03206,French
CUIS03207,Mexican
CUIS03208,American
CUIS03209,Japanese
CUIS03210,Indian
CUIS03211,Indian
CUIS03212,Indian
CUIS03213,Thai
CUIS03214,American
CUIS03215,Chinese
CUIS03216,Chinese
CUIS03217,Mediterranean
CUIS03218,Spanish
CUIS03219,Italian
CUIS03220,American
CUIS03221,Mexican
CUIS03222,Indian
CUIS03223,Chinese
CUIS03224,American
CUIS03225,Japanese
CUIS03226,American
CUIS03227,Italian
CUIS03228,Japanese
CUIS03229,French
CUIS03230,Mediterranean
CUIS03231,French
CUIS03232,Indian
CUIS03233,Chinese
CUIS03234,Mexican
CUIS03235,Japanese
CUIS03236,French
CUIS03237,Chinese
CUIS03238,Mediterranean
CUIS03239,Spanish
CUIS03240,Italian
CUIS03241,Indian
CUIS03242,Spanish
CUIS03243,Italian
CUIS03244,Chinese
CUIS03245,Japanese
CUIS03246,Chinese
CUIS03247,Italian
CUIS03248,Mediterranean
CUIS03249,Mexican
CUIS03250,American
CUIS03251,Thai
CUIS03252,Mexican
CUIS03253,Indian
CUIS03254,Thai
CUIS03255,French
CUIS03256,Japanese
CUIS03257,Italian
CUIS03258,Japanese
CUIS03259,Italian
CUIS03260,Indian
CUIS03261,Spanish
CUIS03262,Chinese
CUIS03263,Mediterranean
CUIS03264,Spanish
CUIS03265,Mexican
CUIS03266,Spanish
CUIS03267,Indian
CUIS03268,Indian
CUIS03269,Chinese
CUIS03270,Chinese
CUIS03271,Thai
CUIS03272,Mexican
CUIS03273,Mexican
CUIS03274,Mediterranean
CUIS03275,Mediterranean
CUIS03276,Spanish
CUIS03277,Mediterranean
CUIS03278,Thai
CUIS03279,Indian
CUIS03280,French
CUIS03281,French
CUIS03282,Mexican
CUIS03283,American
CUIS03284,Chinese
CUIS03285,Mediterranean
CUIS03286,Spanish
CUIS03287,Spanish
CUIS03288,Mediterranean
CUIS03289,Spanish
CUIS03290,French
CUIS03291,Thai
CUIS03292,Thai
CUIS03293,Indian
CUIS03294,Thai
CUIS03295,Indian
CUIS03296,Mexican
CUIS03297,American
CUIS03298,American
CUIS03299,Thai
CUIS03300,Indian
CUIS03301,Mediterranean
CUIS03302,Japanese
CUIS03303,Mediterranean
CUIS03304,Thai
CUIS03305,Indian
CUIS03306,French
CUIS03307,Spanish
CUIS03308,French
CUIS03309,Indian
CUIS03310,Spanish
CUIS03311,Indian
CUIS03312,Indian
CUIS03313,Thai
CUIS03314,American
CUIS03315,American
CUIS03316,Mediterranean
CUIS03317,Indian
CUIS03318,Chinese
CUIS03319,Thai
CUIS03320,Mediterranean
CUIS03321,Thai
CUIS03322,Mexican
CUIS03323,Thai
CUIS03324,Mediterranean
CUIS03325,Chinese
CUIS03326,Thai
CUIS03327,Japanese
CUIS03328,Thai
CUIS03329,Mediterranean
CUIS03330,French
CUIS03331,Italian
CUIS03332,Chinese
CUIS03333,Spanish
CUIS03334,Italian
CUIS03335,Spanish
CUIS03336,American
CUIS03337,Spanish
CUIS03338,French
CUIS03339,Indian
CUIS03340,Chinese
CUIS03341,Indian
CUIS03342,French
CUIS03343,Thai
CUIS03344,American
CUIS03345,Mexican
CUIS03346,Mexican
CUIS03347,Spanish
CUIS03348,Indian
CUIS03349,Italian
CUIS03350,Japanese
CUIS03351,Spanish
CUIS03352,Spanish
CUIS03353,Chinese
CUIS03354,Mediterranean
CUIS03355,Chinese
CUIS03356,French
CUIS03357,Indian
CUIS03358,Chinese
CUIS03359,Thai
CUIS03360,Spanish
CUIS03361,Mexican
CUIS03362,Spanish
CUIS03363,Japanese
CUIS03364,American
CUIS03365,Japanese
CUIS03366,Spanish
CUIS03367,Japanese
CUIS03368,Indian
CUIS03369,Japanese
CUIS03370,Chinese
CUIS03371,Mexican
CUIS03372,American
CUIS03373,Mexican
CUIS03374,Japanese
CUIS03375,Mediterranean
CUIS03376,Italian
CUIS03377,American
CUIS03378,American
CUIS03379,Italian
CUIS03380,Mexican
CUIS03381,Chinese
CUIS03382,American
CUIS03383,French
CUIS03384,Chinese
CUIS03385,Mediterranean
CUIS03386,Thai
CUIS03387,American
CUIS03388,American
CUIS03389,Mexican
CUIS03390,Mexican
CUIS03391,Thai
CUIS03392,French
CUIS03393,Japanese
CUIS03394,Thai
CUIS03395,Spanish
CUIS03396,American
CUIS03397,Mexican
CUIS03398,Spanish
CUIS03399,French
CUIS03400,Mexican
CUIS03401,American
CUIS03402,American
CUIS03403,American
CUIS03404,Spanish
CUIS03405,Mexican
CUIS03406,Mexican
CUIS03407,Thai
CUIS03408,American
CUIS03409,Indian
CUIS03410,Mexican
CUIS03411,French
CUIS03412,Indian
CUIS03413,Spanish
CUIS03414,Mediterranean
CUIS03415,American
CUIS03416,French
CUIS03417,Mediterranean
CUIS03418,American
CUIS03419,French
CUIS03420,Spanish
CUIS03421,Mexican
CUIS03422,Indian
CUIS03423,Chinese
CUIS03424,Chinese
CUIS03425,Japanese
CUIS03426,American
CUIS03427,Mexican
CUIS03428,French
CUIS03429,Indian
CUIS03430,French
CUIS03431,American
CUIS03432,Japanese
CUIS03433,Mexican
CUIS03434,Chinese
CUIS03435,American
CUIS03436,Thai
CUIS03437,Mexican
CUIS03438,Mediterranean
CUIS03439,Spanish
CUIS03440,Spanish
CUIS03441,Indian
CUIS03442,Chinese
CUIS03443,French
CUIS03444,Mediterranean
CUIS03445,Japanese
CUIS03446,American
CUIS03447,Spanish
CUIS03448,Chinese
CUIS03449,Indian
CUIS03450,Chinese
CUIS03451,French
CUIS03452,French
CUIS03453,Spanish
CUIS03454,French
CUIS03455,Mediterranean
CUIS03456,Mediterranean
CUIS03457,Mediterranean
CUIS03458,Mediterranean
CUIS03459,Indian
CUIS03460,Italian
CUIS03461,Italian
CUIS03462,Indian
CUIS03463,French
CUIS03464,Indian
CUIS03465,Indian
CUIS03466,Mediterranean
CUIS03467,Thai
CUIS03468,Indian
CUIS03469,French
CUIS03470,American
CUIS03471,Indian
CUIS03472,Mexican
CUIS03473,Japanese
CUIS03474,Italian
CUIS03475,Spanish
CUIS03476,Thai
CUIS03477,Thai
CUIS03478,Spanish
CUIS03479,Japanese
CUIS03480,Italian
CUIS03481,French
CUIS03482,French
CUIS03483,Mediterranean
CUIS03484,Mediterranean
CUIS03485,Chinese
CUIS03486,Indian
CUIS03487,French
CUIS03488,Chinese
CUIS03489,Spanish
CUIS03490,Chinese
CUIS03491,Italian
CUIS03492,Indian
CUIS03493,Italian
CUIS03494,Mexican
CUIS03495,Mediterranean
CUIS03496,Thai
CUIS03497,Mediterranean
CUIS03498,Italian
CUIS03499,Spanish
CUIS03500,French
CUIS03501,Japanese
CUIS03502,Indian
CUIS03503,Mexican
CUIS03504,American
CUIS03505,Thai
CUIS03506,Thai
CUIS03507,Spanish
CUIS03508,Spanish
CUIS03509,Mediterranean
CUIS03510,Thai
CUIS03511,Japanese
CUIS03512,French
CUIS03513,French
CUIS03514,Japanese
CUIS03515,Italian
CUIS03516,Chinese
CUIS03517,Indian
CUIS03518,Mexican
CUIS03519,Indian
CUIS03520,Italian
CUIS03521,American
CUIS03522,Mediterranean
CUIS03523,American
CUIS03524,Indian
CUIS03525,Thai
CUIS03526,Thai
CUIS03527,French
CUIS03528,American
CUIS03529,Indian
CUIS03530,Thai
CUIS03531,Italian
CUIS03532,Spanish
CUIS03533,Italian
CUIS03534,Chinese
CUIS03535,Japanese
CUIS03536,French
CUIS03537,Mediterranean
CUIS03538,Chinese
CUIS03539,Indian
CUIS03540,Mexican
CUIS03541,Spanish
CUIS03542,Chinese
CUIS03543,Mexican
CUIS03544,Japanese
CUIS03545,Spanish
CUIS03546,Thai
CUIS03547,American
CUIS03548,French
CUIS03549,Indian
CUIS03550,American
CUIS03551,Spanish
CUIS03552,Spanish
CUIS03553,Indian
CUIS03554,Chinese
CUIS03555,Japanese
CUIS03556,Thai
CUIS03557,Indian
CUIS03558,French
CUIS03559,Chinese
CUIS03560,Mexican
CUIS03561,Indian
CUIS03562,Chinese
CUIS03563,Indian
CUIS03564,Spanish
CUIS03565,Mexican
CUIS03566,Mexican
CUIS03567,Indian
CUIS03568,French
CUIS03569,American
CUIS03570,American
CUIS03571,Mexican
CUIS03572,Mediterranean
CUIS03573,American
CUIS03574,Mediterranean
CUIS03575,Japanese
CUIS03576,Italian
CUIS03577,Japanese
CUIS03578,French
CUIS03579,Japanese
CUIS03580,American
CUIS03581,American
CUIS03582,Mediterranean
CUIS03583,Thai
CUIS03584,American
CUIS03585,Spanish
CUIS03586,Japanese
CUIS03587,Japanese
CUIS03588,Japanese
CUIS03589,Mediterranean
CUIS03590,Thai
CUIS03591,Chinese
CUIS03592,Spanish
CUIS03593,Indian
CUIS03594,American
CUIS03595,Japanese
CUIS03596,Mexican
CUIS03597,American
CUIS03598,Indian
CUIS03599,French
CUIS03600,French
CUIS03601,Spanish
CUIS03602,Mexican
CUIS03603,French
CUIS03604,Italian
CUIS03605,Japanese
CUIS03606,Mediterranean
CUIS03607,Thai
CUIS03608,Chinese
CUIS03609,Indian
CUIS03610,Spanish
CUIS03611,Thai
CUIS03612,Spanish
CUIS03613,Mexican
CUIS03614,Japanese
CUIS03615,Italian
CUIS03616,Thai
CUIS03617,Mexican
CUIS03618,Japanese
CUIS03619,Mediterranean
CUIS03620,Japanese
CUIS03621,Thai
CUIS03622,Mexican
CUIS03623,Mexican
CUIS03624,Indian
CUIS03625,Mexican
CUIS03626,Spanish
CUIS03627,American
CUIS03628,Mexican
CUIS03629,Japanese
CUIS03630,Thai
CUIS03631,Spanish
CUIS03632,French
CUIS03633,Thai
CUIS03634,Indian
CUIS03635,Chinese
CUIS03636,French
CUIS03637,American
CUIS03638,American
CUIS03639,Chinese
CUIS03640,Italian
CUIS03641,Chinese
CUIS03642,American
CUIS03643,Japanese
CUIS03644,American
CUIS03645,Indian
CUIS03646,American
CUIS03647,French
CUIS03648,Japanese
CUIS03649,Mexican
CUIS03650,Mediterranean
CUIS03651,Mexican
CUIS03652,Chinese
CUIS03653,American
CUIS03654,Mexican
CUIS03655,Japanese
CUIS03656,Italian
CUIS03657,Chinese
CUIS03658,Japanese
CUIS03659,Mexican
CUIS03660,Thai
CUIS03661,Thai
CUIS03662,Italian
CUIS03663,Spanish
CUIS03664,Chinese
CUIS03665,Chinese
CUIS03666,American
CUIS03667,Spanish
CUIS03668,Italian
CUIS03669,French
CUIS03670,Japanese
CUIS03671,American
CUIS03672,Thai
CUIS03673,Spanish
CUIS03674,Thai
CUIS03675,Mediterranean
CUIS03676,Thai
CUIS03677,Mediterranean
CUIS03678,Italian
CUIS03679,Japanese
CUIS03680,Thai
CUIS03681,Chinese
CUIS03682,Italian
CUIS03683,Chinese
CUIS03684,Mediterranean
CUIS03685,Chinese
CUIS03686,Spanish
CUIS03687,Mediterranean
CUIS03688,Italian
CUIS03689,Mediterranean
CUIS03690,American
CUIS03691,Mexican
CUIS03692,Japanese
CUIS03693,Chinese
CUIS03694,American
CUIS03695,Mediterranean
CUIS03696,Italian
CUIS03697,Chinese
CUIS03698,American
CUIS03699,Indian
CUIS03700,Italian
CUIS03701,Italian
CUIS03702,Mexican
CUIS03703,French
CUIS03704,Spanish
CUIS03705,American
CUIS03706,American
CUIS03707,American
CUIS03708,French
CUIS03709,Italian
CUIS03710,Spanish
CUIS03711,Italian
CUIS03712,Chinese
CUIS03713,Indian
CUIS03714,Thai
CUIS03715,Japanese
CUIS03716,Mexican
CUIS03717,Indian
CUIS03718,Spanish
CUIS03719,French
CUIS03720,Spanish
CUIS03721,Italian
CUIS03722,Spanish
CUIS03723,Mexican
CUIS03724,Indian
CUIS03725,Spanish
CUIS03726,Chinese
CUIS03727,Spanish
CUIS03728,Mediterranean
CUIS03729,Japanese
CUIS03730,American
CUIS03731,Mexican
CUIS03732,French
CUIS03733,American
CUIS03734,Spanish
CUIS03735,Italian
CUIS03736,Thai
CUIS03737,Mexican
CUIS03738,French
CUIS03739,Mediterranean
CUIS03740,Thai
CUIS03741,Mediterranean
CUIS03742,Spanish
CUIS03743,French
CUIS03744,Japanese
CUIS03745,Mexican
CUIS03746,Mediterranean
CUIS03747,Thai
CUIS03748,Indian
CUIS03749,American
CUIS03750,American
CUIS03751,French
CUIS03752,Chinese
CUIS03753,Mexican
CUIS03754,Spanish
CUIS03755,American
CUIS03756,Mexican
CUIS03757,French
CUIS03758,Mexican
CUIS03759,French
CUIS03760,Spanish
CUIS03761,Spanish
CUIS03762,Mediterranean
CUIS03763,Indian
CUIS03764,Thai
CUIS03765,Thai
CUIS03766,Thai
CUIS03767,Thai
CUIS03768,Chinese
CUIS03769,Chinese
CUIS03770,French
CUIS03771,Indian
CUIS03772,Indian
CUIS03773,Mexican
CUIS03774,Thai
CUIS03775,Spanish
CUIS03776,American
CUIS03777,Spanish
CUIS03778,Italian
CUIS03779,Mexican
CUIS03780,Italian
CUIS03781,Italian
CUIS03782,Mediterranean
CUIS03783,Indian
CUIS03784,Japanese
CUIS03785,French
CUIS03786,Spanish
CUIS03787,Thai
CUIS03788,American
CUIS03789,Thai
CUIS03790,Spanish
CUIS03791,Indian
CUIS03792,Italian
CUIS03793,Japanese
CUIS03794,Italian
CUIS03795,Chinese
CUIS03796,Mexican
CUIS03797,American
CUIS03798,Chinese
CUIS03799,Mediterranean
CUIS03800,Chinese
CUIS03801,Indian
CUIS03802,Mediterranean
CUIS03803,Indian
CUIS03804,Chinese
CUIS03805,Chinese
CUIS03806,French
CUIS03807,Mediterranean
CUIS03808,Spanish
CUIS03809,Japanese
CUIS03810,Thai
CUIS03811,Mediterranean
CUIS03812,Thai
CUIS03813,Indian
CUIS03814,Spanish
CUIS03815,Spanish
CUIS03816,Mediterranean
CUIS03817,Japanese
CUIS03818,Chinese
CUIS03819,American
CUIS03820,Japanese
CUIS03821,Mexican
CUIS03822,Chinese
CUIS03823,Mediterranean
CUIS03824,Italian
CUIS03825,Italian
CUIS03826,Mexican
CUIS03827,American
CUIS03828,Mexican
CUIS03829,Chinese
CUIS03830,French
CUIS03831,Indian
CUIS03832,Mediterranean
CUIS03833,Spanish
CUIS03834,Italian
CUIS03835,French
CUIS03836,Spanish
CUIS03837,Chinese
CUIS03838,Mexican
CUIS03839,Indian
CUIS03840,Spanish
CUIS03841,Chinese
CUIS03842,Spanish
CUIS03843,Mediterranean
CUIS03844,Thai
CUIS03845,Indian
CUIS03846,French
CUIS03847,Mediterranean
CUIS03848,American
CUIS03849,Thai
CUIS03850,Indian
CUIS03851,Japanese
CUIS03852,Japanese
CUIS03853,Chinese
CUIS03854,Spanish
CUIS03855,Chinese
CUIS03856,Italian
CUIS03857,Mediterranean
CUIS03858,Spanish
CUIS03859,Indian
CUIS03860,Mexican
CUIS03861,Italian
CUIS03862,Indian
CUIS03863,Mediterranean
CUIS03864,American
CUIS03865,Japanese
CUIS03866,Indian
CUIS03867,Thai
CUIS03868,Japanese
CUIS03869,Mediterranean
CUIS03870,Mexican
CUIS03871,Spanish
CUIS03872,American
CUIS03873,Indian
CUIS03874,Spanish
CUIS03875,French
CUIS03876,Italian
CUIS03877,French
CUIS03878,Thai
CUIS03879,Chinese
CUIS03880,Mediterranean
CUIS03881,Chinese
CUIS03882,Japanese
CUIS03883,Mediterranean
CUIS03884,American
CUIS03885,Thai
CUIS03886,French
CUIS03887,French
CUIS03888,Italian
CUIS03889,Mexican
CUIS03890,Indian
CUIS03891,Spanish
CUIS03892,Japanese
CUIS03893,French
CUIS03894,Thai
CUIS03895,Spanish
CUIS03896,Mediterranean
CUIS03897,Japanese
CUIS03898,Mexican
CUIS03899,American
CUIS03900,American
CUIS03901,French
CUIS03902,Japanese
CUIS03903,American
CUIS03904,Japanese
CUIS03905,Italian
CUIS03906,Mexican
CUIS03907,Thai
CUIS03908,Indian
CUIS03909,Mexican
CUIS03910,Indian
CUIS03911,Mexican
CUIS03912,Chinese
CUIS03913,Mediterranean
CUIS03914,Japanese
CUIS03915,French
CUIS03916,American
CUIS03917,Mediterranean
CUIS03918,Spanish
CUIS03919,Indian
CUIS03920,Thai
CUIS03921,American
CUIS03922,Japanese
CUIS03923,Japanese
CUIS03924,Spanish
CUIS03925,Spanish
CUIS03926,Indian
CUIS03927,Italian
CUIS03928,French
CUIS03929,American
CUIS03930,Italian
CUIS03931,Italian
CUIS03932,Italian
CUIS03933,Spanish
CUIS03934,Italian
CUIS03935,Chinese
CUIS03936,Italian
CUIS03937,Italian
CUIS03938,Mediterranean
CUIS03939,Japanese
CUIS03940,Mediterranean
CUIS03941,American
CUIS03942,Chinese
CUIS03943,Spanish
CUIS03944,French
CUIS03945,Japanese
CUIS03946,Mexican
CUIS03947,Spanish
CUIS03948,French
CUIS03949,French
CUIS03950,Mediterranean
CUIS03951,French
CUIS03952,French
CUIS03953,Spanish
CUIS03954,Mediterranean
CUIS03955,Mediterranean
CUIS03956,Mexican
CUIS03957,Spanish
CUIS03958,Thai
CUIS03959,Chinese
CUIS03960,Italian
CUIS03961,Indian
CUIS03962,Italian
CUIS03963,Italian
CUIS03964,American
CUIS03965,Indian
CUIS03966,Indian
CUIS03967,Mediterranean
CUIS03968,American
CUIS03969,French
CUIS03970,Japanese
CUIS03971,Japanese
CUIS03972,Thai
CUIS03973,French
CUIS03974,Mexican
CUIS03975,Indian
CUIS03976,Mediterranean
CUIS03977,Thai
CUIS03978,Mexican
CUIS03979,Indian
CUIS03980,Chinese
CUIS03981,American
CUIS03982,Chinese
CUIS03983,Spanish
CUIS03984,Indian
CUIS03985,Indian
CUIS03986,Mexican
CUIS03987,Japanese
CUIS03988,Thai
CUIS03989,Thai
CUIS03990,American
CUIS03991,Chinese
CUIS03992,Chinese
CUIS03993,Italian
CUIS03994,Mexican
CUIS03995,Thai
CUIS03996,Mediterranean
CUIS03997,Mediterranean
CUIS03998,Mexican
CUIS03999,American
CUIS04000,Mediterranean
CUIS04001,Thai
CUIS04002,Mexican
CUIS04003,French
CUIS04004,Mediterranean
CUIS04005,Indian
CUIS04006,Mexican
CUIS04007,Mediterranean
CUIS04008,Mediterranean
CUIS04009,Mediterranean
CUIS04010,Italian
CUIS04011,Indian
CUIS04012,Italian
CUIS04013,Indian
CUIS04014,Japanese
CUIS04015,Thai
CUIS04016,American
CUIS04017,Italian
CUIS04018,Mediterranean
CUIS04019,Japanese
CUIS04020,Indian
CUIS04021,Mediterranean
CUIS04022,Japanese
CUIS04023,Mexican
CUIS04024,Spanish
CUIS04025,Thai
CUIS04026,Thai
CUIS04027,Italian
CUIS04028,Indian
CUIS04029,Thai
CUIS04030,Mexican
CUIS04031,Spanish
CUIS04032,Spanish
CUIS04033,Mediterranean
CUIS04034,Japanese
CUIS04035,French
CUIS04036,Spanish
CUIS04037,Thai
CUIS04038,French
CUIS04039,Mexican
CUIS04040,Indian
CUIS04041,Mexican
CUIS04042,Thai
CUIS04043,Italian
CUIS04044,American
CUIS04045,Mexican
CUIS04046,Italian
CUIS04047,American
CUIS04048,American
CUIS04049,Thai
CUIS04050,Italian
CUIS04051,Italian
CUIS04052,Japanese
CUIS04053,Mexican
CUIS04054,Mediterranean
CUIS04055,Chinese
CUIS04056,Mexican
CUIS04057,American
CUIS04058,Indian
CUIS04059,Mediterranean
CUIS04060,American
CUIS04061,Spanish
CUIS04062,Mediterranean
CUIS04063,Mediterranean
CUIS04064,American
CUIS04065,American
CUIS04066,American
CUIS04067,Spanish
CUIS04068,Chinese
CUIS04069,Mediterranean
CUIS04070,American
CUIS04071,Italian
CUIS04072,Mexican
CUIS04073,Thai
CUIS04074,French
CUIS04075,Indian
CUIS04076,Mediterranean
CUIS04077,Spanish
CUIS04078,Italian
CUIS04079,American
CUIS04080,Mediterranean
CUIS04081,Mexican
CUIS04082,Mediterranean
CUIS04083,Mexican
CUIS04084,Mediterranean
CUIS04085,Thai
CUIS04086,Japanese
CUIS04087,Mexican
CUIS04088,French
CUIS04089,French
CUIS04090,Mexican
CUIS04091,Thai
CUIS04092,Spanish
CUIS04093,Thai
CUIS04094,Mexican
CUIS04095,Mediterranean
CUIS04096,American
CUIS04097,Japanese
CUIS04098,Chinese
CUIS04099,Thai
CUIS04100,Thai
CUIS04101,Italian
CUIS04102,Spanish
CUIS04103,Chinese
CUIS04104,Indian
CUIS04105,Japanese
CUIS04106,Spanish
CUIS04107,French
CUIS04108,Italian
CUIS04109,Spanish
CUIS04110,American
CUIS04111,Mediterranean
CUIS04112,French
CUIS04113,Japanese
CUIS04114,American
CUIS04115,Thai
CUIS04116,Spanish
CUIS04117,American
CUIS04118,Indian
CUIS04119,Indian
CUIS04120,Mediterranean
CUIS04121,Mediterranean
CUIS04122,Italian
CUIS04123,American
CUIS04124,Thai
CUIS04125,American
CUIS04126,French
CUIS04127,Mexican
CUIS04128,Chinese
CUIS04129,Indian
CUIS04130,Indian
CUIS04131,Chinese
CUIS04132,Japanese
CUIS04133,Mediterranean
CUIS04134,Thai
CUIS04135,Italian
CUIS04136,Spanish
CUIS04137,Spanish
CUIS04138,Japanese
CUIS04139,American
CUIS04140,Japanese
CUIS04141,Chinese
CUIS04142,Chinese
CUIS04143,Chinese
CUIS04144,Mediterranean
CUIS04145,Japanese
CUIS04146,Japanese
CUIS04147,Chinese
CUIS04148,Italian
CUIS04149,Spanish
CUIS04150,Chinese
CUIS04151,Mediterranean
CUIS04152,Italian
CUIS04153,Chinese
CUIS04154,Thai
CUIS04155,American
CUIS04156,Indian
CUIS04157,Mediterranean
CUIS04158,Spanish
CUIS04159,Spanish
CUIS04160,Mediterranean
CUIS04161,Italian
CUIS04162,French
CUIS04163,Japanese
CUIS04164,Mediterranean
CUIS04165,Indian
CUIS04166,Thai
CUIS04167,Thai
CUIS04168,Mexican
CUIS04169,American
CUIS04170,Japanese
CUIS04171,American
CUIS04172,Chinese
CUIS04173,Italian
CUIS04174,Thai
CUIS04175,Chinese
CUIS04176,Mediterranean
CUIS04177,American
CUIS04178,Mexican
CUIS04179,American
CUIS04180,Mexican
CUIS04181,Italian
CUIS04182,Chinese
CUIS04183,Chinese
CUIS04184,Chinese
CUIS04185,Indian
CUIS04186,Italian
CUIS04187,Thai
CUIS04188,Japanese
CUIS04189,Mediterranean
CUIS04190,American
CUIS04191,Italian
CUIS04192,Indian
CUIS04193,Indian
CUIS04194,Thai
CUIS04195,American
CUIS04196,Indian
CUIS04197,Italian
CUIS04198,French
CUIS04199,Thai
CUIS04200,Mediterranean
CUIS04201,Mediterranean
CUIS04202,Mediterranean
CUIS04203,Chinese
CUIS04204,Chinese
CUIS04205,American
CUIS04206,Mediterranean
CUIS04207,Italian
CUIS04208,Indian
CUIS04209,American
CUIS04210,Italian
CUIS04211,Mexican
CUIS04212,Italian
CUIS04213,Indian
CUIS04214,Chinese
CUIS04215,Spanish
CUIS04216,French
CUIS04217,Italian
CUIS04218,Chinese
CUIS04219,Italian
CUIS04220,Italian
CUIS04221,Italian
CUIS04222,Italian
CUIS04223,French
CUIS04224,Indian
CUIS04225,Chinese
CUIS04226,Mexican
CUIS04227,Mediterranean
CUIS04228,French
CUIS04229,Indian
CUIS04230,Indian
CUIS04231,Italian
CUIS04232,Italian
CUIS04233,Indian
CUIS04234,Japanese
CUIS04235,French
CUIS04236,Italian
CUIS04237,Mediterranean
CUIS04238,Japanese
CUIS04239,French
CUIS04240,Italian
CUIS04241,Italian
CUIS04242,Mexican
CUIS04243,French
CUIS04244,Chinese
CUIS04245,Japanese
CUIS04246,American
CUIS04247,Mediterranean
CUIS04248,Mexican
CUIS04249,Thai
CUIS04250,Japanese
CUIS04251,American
CUIS04252,Thai
CUIS04253,Mediterranean
CUIS04254,French
CUIS04255,American
CUIS04256,Chinese
CUIS04257,Italian
CUIS04258,Mediterranean
CUIS04259,Italian
CUIS04260,French
CUIS04261,Mediterranean
CUIS04262,Thai
CUIS04263,Mexican
CUIS04264,American
CUIS04265,French
CUIS04266,Indian
CUIS04267,Chinese
CUIS04268,American
CUIS04269,Mexican
CUIS04270,Italian
CUIS04271,French
CUIS04272,French
CUIS04273,Thai
CUIS04274,Indian
CUIS04275,Mediterranean
CUIS04276,Mexican
CUIS04277,Spanish
CUIS04278,Thai
CUIS04279,Mediterranean
CUIS04280,Indian
CUIS04281,Thai
CUIS04282,Mexican
CUIS04283,Thai
CUIS04284,American
CUIS04285,French
CUIS04286,Spanish
CUIS04287,Chinese
CUIS04288,Chinese
CUIS04289,French
CUIS04290,Mediterranean
CUIS04291,American
CUIS04292,Chinese
CUIS04293,Japanese
CUIS04294,Japanese
CUIS04295,Spanish
CUIS04296,Thai
CUIS04297,Indian
CUIS04298,Thai
CUIS04299,Thai
CUIS04300,Mediterranean
CUIS04301,Thai
CUIS04302,Indian
CUIS04303,Mexican
CUIS04304,Mexican
CUIS04305,French
CUIS04306,Thai
CUIS04307,Mediterranean
CUIS04308,Mediterranean
CUIS04309,Japanese
CUIS04310,Chinese
CUIS04311,Thai
CUIS04312,Indian
CUIS04313,Italian
CUIS04314,Japanese
CUIS04315,Indian
CUIS04316,Thai
CUIS04317,American
CUIS04318,Mediterranean
CUIS04319,Thai
CUIS04320,Thai
CUIS04321,Thai
CUIS04322,Chinese
CUIS04323,Japanese
CUIS04324,Italian
CUIS04325,Japanese
CUIS04326,Indian
CUIS04327,Italian
CUIS04328,Japanese
CUIS04329,Mediterranean
CUIS04330,Italian
CUIS04331,French
CUIS04332,Spanish
CUIS04333,Thai
CUIS04334,Mediterranean
CUIS04335,Mediterranean
CUIS04336,Chinese
CUIS04337,Italian
CUIS04338,French
CUIS04339,Japanese
CUIS04340,Thai
CUIS04341,Thai
CUIS04342,Japanese
CUIS04343,Mexican
CUIS04344,Mexican
CUIS04345,Mexican
CUIS04346,Spanish
CUIS04347,French
CUIS04348,Japanese
CUIS04349,Mexican
CUIS04350,Japanese
CUIS04351,Mexican
CUIS04352,Mexican
CUIS04353,Mediterranean
CUIS04354,Japanese
CUIS04355,Indian
CUIS04356,Japanese
CUIS04357,Indian
CUIS04358,Mexican
CUIS04359,Italian
CUIS04360,Thai
CUIS04361,Mexican
CUIS04362,French
CUIS04363,French
CUIS04364,Thai
CUIS04365,American
CUIS04366,Mediterranean
CUIS04367,Italian
CUIS04368,Chinese
CUIS04369,Japanese
CUIS04370,Japanese
CUIS04371,Chinese
CUIS04372,Spanish
CUIS04373,French
CUIS04374,Spanish
CUIS04375,Italian
CUIS04376,Italian
CUIS04377,Indian
CUIS04378,Thai
CUIS04379,Thai
CUIS04380,Mexican
CUIS04381,Italian
CUIS04382,Italian
CUIS04383,Japanese
CUIS04384,Japanese
CUIS04385,Chinese
CUIS04386,Mediterranean
CUIS04387,Mexican
CUIS04388,Thai
CUIS04389,Indian
CUIS04390,Thai
CUIS04391,Italian
CUIS04392,Japanese
CUIS04393,Japanese
CUIS04394,Chinese
CUIS04395,Spanish
CUIS04396,American
CUIS04397,American
CUIS04398,Spanish
CUIS04399,Thai
CUIS04400,Indian
CUIS04401,Japanese
CUIS04402,Mediterranean
CUIS04403,Japanese
CUIS04404,Mexican
CUIS04405,Thai
CUIS04406,Chinese
CUIS04407,Italian
CUIS04408,Thai
CUIS04409,Mexican
CUIS04410,Indian
CUIS04411,Thai
CUIS04412,Chinese
CUIS04413,Mediterranean
CUIS04414,Mediterranean
CUIS04415,Thai
CUIS04416,Spanish
CUIS04417,Spanish
CUIS04418,Thai
CUIS04419,Mexican
CUIS04420,Italian
CUIS04421,Indian
CUIS04422,Japanese
CUIS04423,Thai
CUIS04424,Italian
CUIS04425,Mediterranean
CUIS04426,Chinese
CUIS04427,Mexican
CUIS04428,American
CUIS04429,Chinese
CUIS04430,American
CUIS04431,Mexican
CUIS04432,Thai
CUIS04433,Indian
CUIS04434,Mediterranean
CUIS04435,Japanese
CUIS04436,Spanish
CUIS04437,Mexican
CUIS04438,Italian
CUIS04439,Mediterranean
CUIS04440,Spanish
CUIS04441,American
CUIS04442,Italian
CUIS04443,Mediterranean
CUIS04444,Indian
CUIS04445,Mediterranean
CUIS04446,American
CUIS04447,Spanish
CUIS04448,Indian
CUIS04449,Italian
CUIS04450,French
CUIS04451,Japanese
CUIS04452,American
CUIS04453,Indian
CUIS04454,Spanish
CUIS04455,Chinese
CUIS04456,Mexican
CUIS04457,Thai
CUIS04458,Chinese
CUIS04459,American
CUIS04460,Italian
CUIS04461,French
CUIS04462,Thai
CUIS04463,Japanese
CUIS04464,Thai
CUIS04465,French
CUIS04466,Italian
CUIS04467,Mexican
CUIS04468,Thai
CUIS04469,Mediterranean
CUIS04470,Japanese
CUIS04471,Mediterranean
CUIS04472,Indian
CUIS04473,Spanish
CUIS04474,Italian
CUIS04475,Italian
CUIS04476,Indian
CUIS04477,Chinese
CUIS04478,French
CUIS04479,Mediterranean
CUIS04480,French
CUIS04481,Japanese
CUIS04482,Mexican
CUIS04483,American
CUIS04484,Chinese
CUIS04485,Japanese
CUIS04486,Thai
CUIS04487,Japanese
CUIS04488,American
CUIS04489,American
CUIS04490,Mexican
CUIS04491,Chinese
CUIS04492,Thai
CUIS04493,American
CUIS04494,Thai
CUIS04495,Mexican
CUIS04496,Mexican
CUIS04497,Spanish
CUIS04498,French
CUIS04499,Japanese
CUIS04500,Italian
CUIS04501,Chinese
CUIS04502,Japanese
CUIS04503,Japanese
CUIS04504,Spanish
CUIS04505,Italian
CUIS04506,Italian
CUIS04507,Indian
CUIS04508,Japanese
CUIS04509,Mexican
CUIS04510,French
CUIS04511,Japanese
CUIS04512,Chinese
CUIS04513,Mediterranean
CUIS04514,Indian
CUIS04515,Spanish
CUIS04516,Italian
CUIS04517,Italian
CUIS04518,Indian
CUIS04519,Spanish
CUIS04520,Mediterranean
CUIS04521,Indian
CUIS04522,Thai
CUIS04523,Japanese
CUIS04524,Mediterranean
CUIS04525,Japanese
CUIS04526,Mexican
CUIS04527,French
CUIS04528,Thai
CUIS04529,American
CUIS04530,French
CUIS04531,American
CUIS04532,Italian
CUIS04533,American
CUIS04534,Thai
CUIS04535,American
CUIS04536,Indian
CUIS04537,Italian
CUIS04538,Indian
CUIS04539,Spanish
CUIS04540,French
CUIS04541,Chinese
CUIS04542,Spanish
CUIS04543,French
CUIS04544,Spanish
CUIS04545,Spanish
CUIS04546,Italian
CUIS04547,Mexican
CUIS04548,French
CUIS04549,Spanish
CUIS04550,American
CUIS04551,Italian
CUIS04552,Japanese
CUIS04553,Indian
CUIS04554,Japanese
CUIS04555,Thai
CUIS04556,Mediterranean
CUIS04557,Spanish
CUIS04558,Japanese
CUIS04559,Thai
CUIS04560,Thai
CUIS04561,Indian
CUIS04562,Mexican
CUIS04563,Chinese
CUIS04564,French
CUIS04565,Thai
CUIS04566,Thai
CUIS04567,Mediterranean
CUIS04568,Indian
CUIS04569,Italian
CUIS04570,Thai
CUIS04571,Indian
CUIS04572,Chinese
CUIS04573,Mexican
CUIS04574,Italian
CUIS04575,Spanish
CUIS04576,Mexican
CUIS04577,Spanish
CUIS04578,Japanese
CUIS04579,French
CUIS04580,French
CUIS04581,Mexican
CUIS04582,American
CUIS04583,Italian
CUIS04584,Italian
CUIS04585,Spanish
CUIS04586,Mexican
CUIS04587,American
CUIS04588,American
CUIS04589,Chinese
CUIS04590,Mediterranean
CUIS04591,American
CUIS04592,Italian
CUIS04593,Mexican
CUIS04594,Japanese
CUIS04595,Mediterranean
CUIS04596,Mediterranean
CUIS04597,Thai
CUIS04598,Mediterranean
CUIS04599,American
CUIS04600,French
CUIS04601,Spanish
CUIS04602,Mexican
CUIS04603,French
CUIS04604,Spanish
CUIS04605,Mexican
CUIS04606,French
CUIS04607,Mediterranean
CUIS04608,Mediterranean
CUIS04609,Thai
CUIS04610,American
CUIS04611,Spanish
CUIS04612,French
CUIS04613,Mediterranean
CUIS04614,French
CUIS04615,Mexican
CUIS04616,American
CUIS04617,American
CUIS04618,Chinese
CUIS04619,Mexican
CUIS04620,Mexican
CUIS04621,French
CUIS04622,French
CUIS04623,Mediterranean
CUIS04624,American
CUIS04625,Mexican
CUIS04626,Japanese
CUIS04627,Mexican
CUIS04628,American
CUIS04629,Thai
CUIS04630,Mediterranean
CUIS04631,Italian
CUIS04632,Japanese
CUIS04633,Mediterranean
CUIS04634,Chinese
CUIS04635,Spanish
CUIS04636,Japanese
CUIS04637,American
CUIS04638,Japanese
CUIS04639,Indian
CUIS04640,Chinese
CUIS04641,Mediterranean
CUIS04642,Spanish
CUIS04643,American
CUIS04644,Thai
CUIS04645,Thai
CUIS04646,Japanese
CUIS04647,Mediterranean
CUIS04648,American
CUIS04649,Spanish
CUIS04650,French
CUIS04651,Indian
CUIS04652,Indian
CUIS04653,Mexican
CUIS04654,Chinese
CUIS04655,Spanish
CUIS04656,Italian
CUIS04657,Indian
CUIS04658,Mexican
CUIS04659,Mexican
CUIS04660,Japanese
CUIS04661,Thai
CUIS04662,Italian
CUIS04663,Thai
CUIS04664,French
CUIS04665,Thai
CUIS04666,American
CUIS04667,Thai
CUIS04668,Mediterranean
CUIS04669,Indian
CUIS04670,Japanese
CUIS04671,Chinese
CUIS04672,Mediterranean
CUIS04673,Italian
CUIS04674,Spanish
CUIS04675,Mediterranean
CUIS04676,Japanese
CUIS04677,Mediterranean
CUIS04678,American
CUIS04679,Thai
CUIS04680,Indian
CUIS04681,Chinese
CUIS04682,American
CUIS04683,Chinese
CUIS04684,French
CUIS04685,Mexican
CUIS04686,Italian
CUIS04687,American
CUIS04688,Thai
CUIS04689,Japanese
CUIS04690,French
CUIS04691,French
CUIS04692,French
CUIS04693,Thai
CUIS04694,French
CUIS04695,Japanese
CUIS04696,Mexican
CUIS04697,Chinese
CUIS04698,Chinese
CUIS04699,Japanese
CUIS04700,Chinese
CUIS04701,Indian
CUIS04702,Mediterranean
CUIS04703,Indian
CUIS04704,French
CUIS04705,Indian
CUIS04706,Chinese
CUIS04707,Thai
CUIS04708,Japanese
CUIS04709,Mediterranean
CUIS04710,Thai
CUIS04711,Japanese
CUIS04712,Indian
CUIS04713,French
CUIS04714,Mexican
CUIS04715,Chinese
CUIS04716,Japanese
CUIS04717,American
CUIS04718,Indian
CUIS04719,Italian
CUIS04720,Mexican
CUIS04721,Mediterranean
CUIS04722,French
CUIS04723,French
CUIS04724,Chinese
CUIS04725,Spanish
CUIS04726,Indian
CUIS04727,Mexican
CUIS04728,Chinese
CUIS04729,Spanish
CUIS04730,Spanish
CUIS04731,Thai
CUIS04732,French
CUIS04733,Mediterranean
CUIS04734,Thai
CUIS04735,Thai
CUIS04736,American
CUIS04737,Japanese
CUIS04738,Spanish
CUIS04739,American
CUIS04740,Italian
CUIS04741,Chinese
CUIS04742,American
CUIS04743,Chinese
CUIS04744,Chinese
CUIS04745,American
CUIS04746,Italian
CUIS04747,Thai
CUIS04748,Japanese
CUIS04749,Mexican
CUIS04750,American
CUIS04751,Mediterranean
CUIS04752,Chinese
CUIS04753,Thai
CUIS04754,Spanish
CUIS04755,French
CUIS04756,Thai
CUIS04757,Indian
CUIS04758,Japanese
CUIS04759,French
CUIS04760,Spanish
CUIS04761,American
CUIS04762,American
CUIS04763,Mediterranean
CUIS04764,American
CUIS04765,French
CUIS04766,French
CUIS04767,Thai
CUIS04768,American
CUIS04769,Chinese
CUIS04770,Chinese
CUIS04771,Chinese
CUIS04772,Spanish
CUIS04773,Italian
CUIS04774,French
CUIS04775,Japanese
CUIS04776,Thai
CUIS04777,Japanese
CUIS04778,Japanese
CUIS04779,American
CUIS04780,Mediterranean
CUIS04781,Mexican
CUIS04782,Indian
CUIS04783,Indian
CUIS04784,Italian
CUIS04785,French
CUIS04786,Thai
CUIS04787,Thai
CUIS04788,Spanish
CUIS04789,Chinese
CUIS04790,French
CUIS04791,Thai
CUIS04792,American
CUIS04793,Mexican
CUIS04794,Chinese
CUIS04795,Chinese
CUIS04796,French
CUIS04797,Japanese
CUIS04798,American
CUIS04799,Chinese
CUIS04800,Thai
CUIS04801,Chinese
CUIS04802,Thai
CUIS04803,Mexican
CUIS04804,Indian
CUIS04805,Mexican
CUIS04806,Indian
CUIS04807,French
CUIS04808,Japanese
CUIS04809,Indian
CUIS04810,French
CUIS04811,Mediterranean
CUIS04812,Italian
CUIS04813,Mediterranean
CUIS04814,Japanese
CUIS04815,American
CUIS04816,French
CUIS04817,American
CUIS04818,Spanish
CUIS04819,American
CUIS04820,Mediterranean
CUIS04821,Spanish
CUIS04822,Thai
CUIS04823,French
CUIS04824,Mediterranean
CUIS04825,Mexican
CUIS04826,Japanese
CUIS04827,Japanese
CUIS04828,French
CUIS04829,Mexican
CUIS04830,American
CUIS04831,Thai
CUIS04832,Italian
CUIS04833,Mexican
CUIS04834,Mediterranean
CUIS04835,French
CUIS04836,French
CUIS04837,Spanish
CUIS04838,American
CUIS04839,Italian
CUIS04840,French
CUIS04841,Italian
CUIS04842,Spanish
CUIS04843,Chinese
CUIS04844,Mexican
CUIS04845,Spanish
CUIS04846,Mediterranean
CUIS04847,American
CUIS04848,Japanese
CUIS04849,Chinese
CUIS04850,Mediterranean
CUIS04851,French
CUIS04852,Thai
CUIS04853,American
CUIS04854,Chinese
CUIS04855,French
CUIS04856,Spanish
CUIS04857,American
CUIS04858,French
CUIS04859,Italian
CUIS04860,American
CUIS04861,Mediterranean
CUIS04862,Indian
CUIS04863,Italian
CUIS04864,Mediterranean
CUIS04865,Mediterranean
CUIS04866,American
CUIS04867,Italian
CUIS04868,Chinese
CUIS04869,Spanish
CUIS04870,Thai
CUIS04871,Chinese
CUIS04872,Thai
CUIS04873,Italian
CUIS04874,French
CUIS04875,American
CUIS04876,French
CUIS04877,Mediterranean
CUIS04878,Indian
CUIS04879,Mexican
CUIS04880,Mexican
CUIS04881,Mexican
CUIS04882,Japanese
CUIS04883,Thai
CUIS04884,Indian
CUIS04885,Spanish
CUIS04886,Indian
CUIS04887,Italian
CUIS04888,Mexican
CUIS04889,Indian
CUIS04890,Chinese
CUIS04891,French
CUIS04892,American
CUIS04893,Spanish
CUIS04894,Thai
CUIS04895,Thai
CUIS04896,Italian
CUIS04897,Spanish
CUIS04898,Spanish
CUIS04899,Japanese
CUIS04900,French
CUIS04901,Indian
CUIS04902,Indian
CUIS04903,Thai
CUIS04904,Chinese
CUIS04905,American
CUIS04906,Chinese
CUIS04907,Mediterranean
CUIS04908,Italian
CUIS04909,Italian
CUIS04910,Mexican
CUIS04911,Thai
CUIS04912,Italian
CUIS04913,Mexican
CUIS04914,French
CUIS04915,Mexican
CUIS04916,Mexican
CUIS04917,French
CUIS04918,Italian
CUIS04919,French
CUIS04920,Indian
CUIS04921,Indian
CUIS04922,French
CUIS04923,Spanish
CUIS04924,Indian
CUIS04925,Chinese
CUIS04926,French
CUIS04927,Spanish
CUIS04928,Mexican
CUIS04929,French
CUIS04930,Mediterranean
CUIS04931,Indian
CUIS04932,Japanese
CUIS04933,Spanish
CUIS04934,Mexican
CUIS04935,French
CUIS04936,Italian
CUIS04937,American
CUIS04938,American
CUIS04939,Spanish
CUIS04940,Spanish
CUIS04941,American
CUIS04942,Italian
CUIS04943,American
CUIS04944,American
CUIS04945,American
CUIS04946,Japanese
CUIS04947,French
CUIS04948,American
CUIS04949,Mexican
CUIS04950,Japanese
CUIS04951,Thai
CUIS04952,Japanese
CUIS04953,Chinese
CUIS04954,Japanese
CUIS04955,American
CUIS04956,Chinese
CUIS04957,American
CUIS04958,American
CUIS04959,Mexican
CUIS04960,Mediterranean
CUIS04961,Japanese
CUIS04962,French
CUIS04963,Mexican
CUIS04964,Spanish
CUIS04965,Mexican
CUIS04966,Thai
CUIS04967,Italian
CUIS04968,French
CUIS04969,Indian
CUIS04970,Spanish
CUIS04971,Japanese
CUIS04972,Japanese
CUIS04973,Indian
CUIS04974,American
CUIS04975,Spanish
CUIS04976,American
CUIS04977,Spanish
CUIS04978,Indian
CUIS04979,Italian
CUIS04980,Thai
CUIS04981,Chinese
CUIS04982,Japanese
CUIS04983,Mexican
CUIS04984,Mediterranean
CUIS04985,Thai
CUIS04986,Spanish
CUIS04987,Thai
CUIS04988,Thai
CUIS04989,Indian
CUIS04990,Italian
CUIS04991,Indian
CUIS04992,Japanese
CUIS04993,Italian
CUIS04994,Thai
CUIS04995,Chinese
CUIS04996,Indian
CUIS04997,Thai
CUIS04998,Thai
CUIS04999,American
CUIS05000,Mexican
